beds,baths,size,lot_size,zip_code,price,property_age,floors,garage_spaces,condition_score,renovated,waterfront,size_per_bed,size_per_bath,lot_house_ratio,size_beds,size_baths,beds_baths,size_squared,baths_squared
1,1.0,376,10019,98199,1000000,7,2,1,4.6,0,0,376.0,376.0,26.6463,376,376.0,1.0,141376,1.0
1,1.0,376,10019,98199,1000000,61,2,1,5.8,0,0,376.0,376.0,26.6463,376,376.0,1.0,141376,1.0
1,1.0,376,10019,98199,1000000,52,2,1,5.6,1,0,376.0,376.0,26.6463,376,376.0,1.0,141376,1.0
1,1.0,376,10019,98199,1000000,35,2,0,5.1,0,0,376.0,376.0,26.6463,376,376.0,1.0,141376,1.0
1,1.0,813,10455,98121,680000,34,2,0,4.7,1,0,813.0,813.0,12.8598,813,813.0,1.0,660969,1.0
1,1.0,630,10455,98146,459000,68,1,1,5.3,0,0,630.0,630.0,16.5952,630,630.0,1.0,396900,1.0
1,1.0,707,11326,98122,590000,6,2,0,5.7,1,0,707.0,707.0,16.0198,707,707.0,1.0,499849,1.0
1,1.0,748,11326,98122,499000,55,2,1,7.2,0,0,748.0,748.0,15.1417,748,748.0,1.0,559504,1.0
1,1.0,717,11762,98109,425000,16,3,1,6.1,0,0,717.0,717.0,16.4045,717,717.0,1.0,514089,1.0
1,1.0,683,12633,98119,450500,7,1,0,6.1,1,0,683.0,683.0,18.4963,683,683.0,1.0,466489,1.0
1,1.0,583,12633,98119,349000,42,1,1,8.2,0,0,583.0,583.0,21.669,583,583.0,1.0,339889,1.0
1,1.0,820,13504,98121,590000,78,3,1,5.7,0,0,820.0,820.0,16.4683,820,820.0,1.0,672400,1.0
1,1.0,621,13504,98133,289900,58,2,0,5.6,1,0,621.0,621.0,21.7456,621,621.0,1.0,385641,1.0
1,2.0,1517,13940,98105,1350000,60,3,0,5.9,0,0,1517.0,758.5,9.1892,1517,3034.0,2.0,2301289,4.0
1,1.0,627,14811,98101,335000,57,1,1,4.1,1,0,627.0,627.0,23.622,627,627.0,1.0,393129,1.0
1,1.0,616,15246,98101,399900,62,1,0,4.7,0,0,616.0,616.0,24.75,616,616.0,1.0,379456,1.0
1,1.0,640,15246,98104,345000,41,2,1,4.6,1,0,640.0,640.0,23.8219,640,640.0,1.0,409600,1.0
1,1.0,540,15246,98104,335000,10,1,0,5.8,1,0,540.0,540.0,28.2333,540,540.0,1.0,291600,1.0
1,1.0,630,15246,98104,335000,67,2,1,5.0,0,0,630.0,630.0,24.2,630,630.0,1.0,396900,1.0
1,1.0,614,16118,98109,369950,36,1,0,5.3,0,0,614.0,614.0,26.2508,614,614.0,1.0,376996,1.0
1,1.0,594,16989,98105,405000,40,1,1,6.2,0,0,594.0,594.0,28.601,594,594.0,1.0,352836,1.0
1,1.0,640,17424,98144,497000,29,3,0,6.0,0,0,640.0,640.0,27.225,640,640.0,1.0,409600,1.0
1,1.0,630,17424,98109,439900,14,1,0,5.0,1,0,630.0,630.0,27.6571,630,630.0,1.0,396900,1.0
1,2.0,1141,17860,98122,699950,74,2,0,4.5,0,0,1141.0,570.5,15.6529,1141,2282.0,2.0,1301881,4.0
1,1.0,700,17860,98119,405000,62,3,1,6.3,0,1,700.0,700.0,25.5143,700,700.0,1.0,490000,1.0
1,1.0,696,17860,98119,400000,51,2,1,5.9,0,0,696.0,696.0,25.6609,696,696.0,1.0,484416,1.0
1,1.0,706,20038,98116,520000,32,1,0,3.5,0,0,706.0,706.0,28.3824,706,706.0,1.0,498436,1.0
1,1.0,815,20909,98121,465000,65,1,0,4.8,1,0,815.0,815.0,25.6552,815,815.0,1.0,664225,1.0
1,1.0,617,21345,98109,480000,43,2,0,5.3,0,0,617.0,617.0,34.5948,617,617.0,1.0,380689,1.0
1,1.0,582,21780,98109,360000,35,1,1,5.9,0,0,582.0,582.0,37.4227,582,582.0,1.0,338724,1.0
1,1.0,703,22216,98126,350000,36,1,0,6.1,1,0,703.0,703.0,31.6017,703,703.0,1.0,494209,1.0
1,1.0,672,23523,98107,464000,18,1,1,5.4,1,0,672.0,672.0,35.0045,672,672.0,1.0,451584,1.0
1,1.0,571,25265,98121,331000,7,3,1,5.7,0,0,571.0,571.0,44.2469,571,571.0,1.0,326041,1.0
1,1.0,610,25701,98119,340000,44,1,2,5.2,1,0,610.0,610.0,42.1328,610,610.0,1.0,372100,1.0
1,1.0,513,28750,98121,315000,71,1,0,4.5,0,0,513.0,513.0,56.0429,513,513.0,1.0,263169,1.0
1,1.0,677,29621,98115,270000,5,2,0,4.9,1,0,677.0,677.0,43.7533,677,677.0,1.0,458329,1.0
1,1.0,831,30492,98136,480000,68,1,2,5.2,0,0,831.0,831.0,36.6931,831,831.0,1.0,690561,1.0
1,1.0,557,38333,98102,399950,66,3,1,5.1,0,0,557.0,557.0,68.8205,557,557.0,1.0,310249,1.0
1,1.5,1285,41818,98121,1250000,22,3,0,3.3,0,0,1285.0,856.67,32.5432,1285,1927.5,1.5,1651225,2.25
1,1.0,704,43560,98144,569000,50,3,1,4.8,0,0,704.0,704.0,61.875,704,704.0,1.0,495616,1.0
1,1.0,704,43560,98144,519950,13,3,1,5.2,0,0,704.0,704.0,61.875,704,704.0,1.0,495616,1.0
1,1.0,627,46174,98107,429000,60,1,1,4.9,0,0,627.0,627.0,73.6427,627,627.0,1.0,393129,1.0
1,1.0,776,47481,98116,515000,56,1,0,4.9,0,0,776.0,776.0,61.1869,776,776.0,1.0,602176,1.0
1,1.0,574,50966,98109,280000,28,1,0,5.6,0,0,574.0,574.0,88.7909,574,574.0,1.0,329476,1.0
1,1.0,543,52708,98121,425000,5,1,0,4.1,0,0,543.0,543.0,97.0681,543,543.0,1.0,294849,1.0
1,1.0,865,54886,98112,712500,77,3,1,3.5,0,0,865.0,865.0,63.452,865,865.0,1.0,748225,1.0
1,1.0,515,57064,98109,387000,35,2,1,4.8,1,0,515.0,515.0,110.8039,515,515.0,1.0,265225,1.0
1,1.0,564,100,98103,602000,71,2,0,5.9,1,0,564.0,564.0,0.1773,564,564.0,1.0,318096,1.0
1,1.0,590,1549,98106,435000,54,3,0,6.8,0,0,590.0,590.0,2.6254,590,590.0,1.0,348100,1.0
1,1.5,1425,97139,98102,2200000,62,2,1,5.9,0,0,1425.0,950.0,68.1677,1425,2137.5,1.5,2030625,2.25
1,1.0,626,114563,98115,275000,60,1,1,3.7,0,0,626.0,626.0,183.008,626,626.0,1.0,391876,1.0
1,1.0,250,250,98103,159000,15,1,0,4.9,0,0,250.0,250.0,1.0,250,250.0,1.0,62500,1.0
1,1.0,530,2500,98118,390800,29,2,0,5.4,1,0,530.0,530.0,4.717,530,530.0,1.0,280900,1.0
1,2.5,2220,2519,98103,1200000,37,1,0,5.3,0,0,2220.0,888.0,1.1347,2220,5550.0,2.5,4928400,6.25
1,1.0,980,3700,98106,485000,39,2,0,5.7,0,0,980.0,980.0,3.7755,980,980.0,1.0,960400,1.0
1,1.0,777,176854,98146,244950,3,2,0,4.2,0,0,777.0,777.0,227.6113,777,777.0,1.0,603729,1.0
1,1.0,699,186002,98115,335000,43,2,1,5.2,0,0,699.0,699.0,266.0973,699,699.0,1.0,488601,1.0
1,1.0,696,186002,98115,305000,12,2,0,5.6,1,0,696.0,696.0,267.2443,696,696.0,1.0,484416,1.0
1,1.0,707,202990,98133,325000,59,2,1,6.0,0,1,707.0,707.0,287.1146,707,707.0,1.0,499849,1.0
1,1.0,690,4000,98117,560000,54,3,0,4.3,0,0,690.0,690.0,5.7971,690,690.0,1.0,476100,1.0
1,1.0,500,4000,98168,385000,73,2,1,4.8,0,0,500.0,500.0,8.0,500,500.0,1.0,250000,1.0
1,1.0,880,4500,98122,700000,59,1,0,2.4,1,0,880.0,880.0,5.1136,880,880.0,1.0,774400,1.0
1,1.0,580,4657,98102,395000,29,1,1,4.5,0,0,580.0,580.0,8.0293,580,580.0,1.0,336400,1.0
1,1.0,630,4895,98133,255000,77,2,0,4.6,1,0,630.0,630.0,7.7698,630,630.0,1.0,396900,1.0
1,1.0,704,500,98144,645000,32,3,0,4.1,1,0,704.0,704.0,0.7102,704,704.0,1.0,495616,1.0
1,1.0,522,5000,98107,325000,26,2,0,5.3,0,0,522.0,522.0,9.5785,522,522.0,1.0,272484,1.0
1,1.0,830,5100,98103,695000,72,3,0,5.1,1,0,830.0,830.0,6.1446,830,830.0,1.0,688900,1.0
1,1.0,820,5100,98118,530000,29,3,0,2.9,0,0,820.0,820.0,6.2195,820,820.0,1.0,672400,1.0
1,2.0,1250,5183,98116,160000,6,2,1,5.4,1,0,1250.0,625.0,4.1464,1250,2500.0,2.0,1562500,4.0
1,1.0,727,5250,98103,445000,37,2,0,4.2,0,0,727.0,727.0,7.2215,727,727.0,1.0,528529,1.0
1,1.0,956,5480,98104,870000,63,1,2,5.6,0,1,956.0,956.0,5.7322,956,956.0,1.0,913936,1.0
1,3.0,1730,5500,98118,750000,15,1,0,3.9,0,0,1730.0,576.67,3.1792,1730,5190.0,3.0,2992900,9.0
1,1.0,480,560,98109,275000,37,1,1,5.2,0,0,480.0,480.0,1.1667,480,480.0,1.0,230400,1.0
1,1.0,1270,5640,98108,915000,10,1,0,4.9,0,0,1270.0,1270.0,4.4409,1270,1270.0,1.0,1612900,1.0
1,1.0,750,5750,98116,725000,54,2,0,5.5,0,0,750.0,750.0,7.6667,750,750.0,1.0,562500,1.0
1,1.0,670,6000,98133,460000,38,1,1,5.3,0,0,670.0,670.0,8.9552,670,670.0,1.0,448900,1.0
1,1.0,620,6090,98178,524950,26,1,0,4.9,0,0,620.0,620.0,9.8226,620,620.0,1.0,384400,1.0
1,1.0,434,6600,98102,345000,18,1,1,3.6,0,0,434.0,434.0,15.2074,434,434.0,1.0,188356,1.0
1,1.0,647,7197,98102,377500,45,3,2,3.7,1,0,647.0,647.0,11.1236,647,647.0,1.0,418609,1.0
1,1.0,1100,747,98107,745000,53,3,0,4.6,1,0,1100.0,1100.0,0.6791,1100,1100.0,1.0,1210000,1.0
1,1.0,460,8094,98108,1250000,75,1,1,5.1,0,0,460.0,460.0,17.5957,460,460.0,1.0,211600,1.0
1,1.0,780,8960,98106,500000,34,2,1,4.5,0,0,780.0,780.0,11.4872,780,780.0,1.0,608400,1.0
1,1.0,861,9600,98126,405000,12,2,0,5.8,0,0,861.0,861.0,11.1498,861,861.0,1.0,741321,1.0
1,1.0,1113,9830,98102,595000,66,3,0,4.9,1,0,1113.0,1113.0,8.832,1113,1113.0,1.0,1238769,1.0
14,5.0,3884,4968,98106,1300000,50,3,4,6.1,0,1,277.43,776.8,1.2791,54376,19420.0,70.0,15085456,25.0
15,6.0,11010,14375,98112,3700000,56,2,4,7.0,1,0,734.0,1835.0,1.3056,165150,66060.0,90.0,121220100,36.0
2,1.5,889,10019,98103,680000,7,1,1,5.5,0,0,444.5,592.67,11.27,1778,1333.5,3.0,790321,2.25
2,2.0,880,10019,98126,680000,24,2,0,5.6,0,0,440.0,440.0,11.3852,1760,1760.0,4.0,774400,4.0
2,2.0,993,10455,98103,709600,61,1,1,7.2,1,0,496.5,496.5,10.5287,1986,1986.0,4.0,986049,4.0
2,1.0,1011,10455,98103,159488,66,1,1,4.6,0,1,505.5,1011.0,10.3412,2022,1011.0,2.0,1022121,1.0
2,2.0,1410,10890,98112,880000,34,2,1,5.2,1,0,705.0,705.0,7.7234,2820,2820.0,4.0,1988100,4.0
2,1.5,1180,10890,98168,575000,64,2,1,5.7,0,0,590.0,786.67,9.2288,2360,1770.0,3.0,1392400,2.25
2,1.0,773,10890,98133,360000,67,2,0,5.3,0,1,386.5,773.0,14.088,1546,773.0,2.0,597529,1.0
2,2.5,1884,11762,98116,925000,30,1,2,4.8,0,0,942.0,753.6,6.2431,3768,4710.0,5.0,3549456,6.25
2,2.0,789,11762,98107,475000,71,1,0,3.8,0,0,394.5,394.5,14.9075,1578,1578.0,4.0,622521,4.0
2,2.0,1057,12197,98105,599900,23,1,1,4.8,0,0,528.5,528.5,11.5393,2114,2114.0,4.0,1117249,4.0
2,1.0,1660,12197,98125,535000,19,2,2,4.2,0,0,830.0,1660.0,7.3476,3320,1660.0,2.0,2755600,1.0
2,1.0,672,12197,98168,373000,54,2,2,3.6,0,0,336.0,672.0,18.1503,1344,672.0,2.0,451584,1.0
2,2.0,1106,12633,98109,1470000,50,3,1,4.5,1,0,553.0,553.0,11.4222,2212,2212.0,4.0,1223236,4.0
2,2.0,1040,12633,98102,685000,11,2,0,4.3,0,0,520.0,520.0,12.1471,2080,2080.0,4.0,1081600,4.0
2,2.0,871,12633,98119,430000,66,1,1,5.9,0,1,435.5,435.5,14.504,1742,1742.0,4.0,758641,4.0
2,2.0,2735,13068,98121,871000,15,1,1,5.9,1,1,1367.5,1367.5,4.7781,5470,5470.0,4.0,7480225,4.0
2,2.5,1580,13504,98178,1790000,64,1,1,4.4,0,0,790.0,632.0,8.5468,3160,3950.0,5.0,2496400,6.25
2,1.0,980,13940,98168,475000,0,1,1,5.0,1,0,490.0,980.0,14.2245,1960,980.0,2.0,960400,1.0
2,2.0,979,13940,98199,470000,63,1,1,3.4,0,0,489.5,489.5,14.239,1958,1958.0,4.0,958441,4.0
2,2.0,3120,14375,98118,1050000,62,1,1,4.8,0,0,1560.0,1560.0,4.6074,6240,6240.0,4.0,9734400,4.0
2,2.0,1038,14375,98116,600000,62,1,0,5.7,1,0,519.0,519.0,13.8487,2076,2076.0,4.0,1077444,4.0
2,2.0,954,14375,98133,380000,53,2,1,6.1,0,0,477.0,477.0,15.0681,1908,1908.0,4.0,910116,4.0
2,1.0,1010,14811,98125,870000,37,1,2,4.6,0,0,505.0,1010.0,14.6644,2020,1010.0,2.0,1020100,1.0
2,2.0,1391,14811,98109,860000,56,1,0,6.4,1,0,695.5,695.5,10.6477,2782,2782.0,4.0,1934881,4.0
2,2.0,1400,14811,98199,699950,22,1,1,3.8,0,0,700.0,700.0,10.5793,2800,2800.0,4.0,1960000,4.0
2,1.0,970,15246,98106,386000,62,1,1,4.1,1,0,485.0,970.0,15.7175,1940,970.0,2.0,940900,1.0
2,3.0,1824,16118,98101,2458000,44,2,1,6.0,1,0,912.0,608.0,8.8366,3648,5472.0,6.0,3326976,9.0
2,1.0,1620,16989,98178,619000,36,1,1,7.0,1,0,810.0,1620.0,10.487,3240,1620.0,2.0,2624400,1.0
2,2.0,1425,18296,98104,899000,40,1,2,5.8,0,0,712.5,712.5,12.8393,2850,2850.0,4.0,2030625,4.0
2,2.0,1170,18296,98112,655000,45,1,1,5.3,0,0,585.0,585.0,15.6376,2340,2340.0,4.0,1368900,4.0
2,2.0,1131,18731,98103,470000,2,3,0,3.1,1,0,565.5,565.5,16.5615,2262,2262.0,4.0,1279161,4.0
2,2.0,1188,18731,98119,450000,11,2,1,3.3,0,0,594.0,594.0,15.7668,2376,2376.0,4.0,1411344,4.0
2,5.5,2659,22652,98102,6250000,19,1,1,5.4,0,0,1329.5,483.45,8.519,5318,14624.5,11.0,7070281,30.25
2,1.0,1580,22652,98178,500000,9,1,1,4.9,0,0,790.0,1580.0,14.3367,3160,1580.0,2.0,2496400,1.0
2,2.0,1346,23087,98116,800000,35,1,1,4.2,0,0,673.0,673.0,17.1523,2692,2692.0,4.0,1811716,4.0
2,2.0,839,23087,98125,385000,53,1,1,5.4,0,0,419.5,419.5,27.5173,1678,1678.0,4.0,703921,4.0
2,2.5,1448,23523,98103,1325000,52,2,2,5.4,0,0,724.0,579.2,16.2452,2896,3620.0,5.0,2096704,6.25
2,1.5,1276,23523,98103,885000,37,2,1,6.2,0,0,638.0,850.67,18.435,2552,1914.0,3.0,1628176,2.25
2,1.0,1048,28750,98121,760000,68,3,1,5.4,0,0,524.0,1048.0,27.4332,2096,1048.0,2.0,1098304,1.0
2,2.0,950,29621,98106,395000,45,1,1,6.5,1,0,475.0,475.0,31.18,1900,1900.0,4.0,902500,4.0
2,3.0,1212,30492,98136,600000,6,1,1,5.3,0,0,606.0,404.0,25.1584,2424,3636.0,6.0,1468944,9.0
2,2.5,1088,33542,98133,475000,61,1,2,5.2,0,0,544.0,435.2,30.829,2176,2720.0,5.0,1183744,6.25
2,3.5,990,37462,98178,405000,45,1,1,6.4,0,0,495.0,282.86,37.8404,1980,3465.0,7.0,980100,12.25
2,2.0,1115,41818,98121,1069000,50,3,2,4.3,0,0,557.5,557.5,37.5049,2230,2230.0,4.0,1243225,4.0
2,1.5,1555,41818,98122,677500,45,1,2,8.1,1,0,777.5,1036.67,26.8926,3110,2332.5,3.0,2418025,2.25
2,1.5,950,43560,98103,1270000,44,1,0,5.7,1,0,475.0,633.33,45.8526,1900,1425.0,3.0,902500,2.25
2,1.0,691,43560,98102,998000,7,2,1,5.7,0,0,345.5,691.0,63.0391,1382,691.0,2.0,477481,1.0
2,1.5,912,43560,98103,819980,44,1,0,5.8,0,0,456.0,608.0,47.7632,1824,1368.0,3.0,831744,2.25
2,2.0,1190,43560,98107,740000,63,1,1,7.2,0,0,595.0,595.0,36.605,2380,2380.0,4.0,1416100,4.0
2,1.5,1022,43560,98144,729000,24,1,1,6.1,0,0,511.0,681.33,42.6223,2044,1533.0,3.0,1044484,2.25
2,1.5,1131,43560,98144,699950,48,1,0,3.7,0,1,565.5,754.0,38.5146,2262,1696.5,3.0,1279161,2.25
2,1.5,1131,43560,98144,685000,2,1,0,6.7,0,0,565.5,754.0,38.5146,2262,1696.5,3.0,1279161,2.25
2,2.0,1146,43560,98116,675000,27,1,1,5.0,0,0,573.0,573.0,38.0105,2292,2292.0,4.0,1313316,4.0
2,1.5,1131,43560,98144,670000,34,1,0,5.4,0,0,565.5,754.0,38.5146,2262,1696.5,3.0,1279161,2.25
2,1.5,900,43560,98133,549755,78,1,2,4.0,0,0,450.0,600.0,48.4,1800,1350.0,3.0,810000,2.25
2,2.0,1199,46174,98117,375000,17,1,0,5.8,0,0,599.5,599.5,38.5104,2398,2398.0,4.0,1437601,4.0
2,2.0,1071,67083,98119,605000,22,3,3,4.6,0,0,535.5,535.5,62.6359,2142,2142.0,4.0,1147041,4.0
2,1.0,1027,79715,98115,300000,32,1,1,5.4,0,0,513.5,1027.0,77.6193,2054,1027.0,2.0,1054729,1.0
2,2.0,1367,86249,98121,1350000,79,2,1,5.0,0,0,683.5,683.5,63.0936,2734,2734.0,4.0,1868689,4.0
2,1.5,1000,1000,98117,640000,68,2,0,7.2,0,0,500.0,666.67,1.0,2000,1500.0,3.0,1000000,2.25
2,2.5,1250,1027,98117,725000,2,1,2,7.3,0,0,625.0,500.0,0.8216,2500,3125.0,5.0,1562500,6.25
2,2.5,1320,1030,98133,570000,18,3,2,5.3,0,0,660.0,528.0,0.7803,2640,3300.0,5.0,1742400,6.25
2,2.0,886,1037,98116,660000,65,1,1,5.4,1,0,443.0,443.0,1.1704,1772,1772.0,4.0,784996,4.0
2,2.0,1140,1045,98103,850000,4,1,0,4.9,1,0,570.0,570.0,0.9167,2280,2280.0,4.0,1299600,4.0
2,2.5,1048,1048,98115,760000,68,1,1,6.4,0,0,524.0,419.2,1.0,2096,2620.0,5.0,1098304,6.25
2,2.0,1391,1049,98115,672500,22,1,0,5.0,0,0,695.5,695.5,0.7541,2782,2782.0,4.0,1934881,4.0
2,1.5,1076,1060,98125,549000,73,1,2,4.9,1,0,538.0,717.33,0.9851,2152,1614.0,3.0,1157776,2.25
2,2.0,1437,1085,98122,969950,23,1,1,6.3,0,0,718.5,718.5,0.755,2874,2874.0,4.0,2064969,4.0
2,2.5,1169,1092,98117,615000,34,2,1,4.8,0,0,584.5,467.6,0.9341,2338,2922.5,5.0,1366561,6.25
2,2.0,1187,1093,98115,750000,52,1,0,5.3,0,0,593.5,593.5,0.9208,2374,2374.0,4.0,1408969,4.0
2,2.0,1470,1094,98126,718000,10,3,0,3.7,0,0,735.0,735.0,0.7442,2940,2940.0,4.0,2160900,4.0
2,2.0,1332,1101,98199,845000,44,2,1,6.0,0,0,666.0,666.0,0.8266,2664,2664.0,4.0,1774224,4.0
2,2.0,1332,1101,98199,845000,40,3,2,7.2,0,0,666.0,666.0,0.8266,2664,2664.0,4.0,1774224,4.0
2,2.5,1344,1110,98122,770000,62,1,2,6.0,0,1,672.0,537.6,0.8259,2688,3360.0,5.0,1806336,6.25
2,2.5,1400,1112,98103,850000,79,3,0,6.8,0,0,700.0,560.0,0.7943,2800,3500.0,5.0,1960000,6.25
2,2.5,1550,1131,98122,1051500,53,2,1,4.5,0,0,775.0,620.0,0.7297,3100,3875.0,5.0,2402500,6.25
2,1.5,860,1154,98122,734950,32,3,2,5.5,0,0,430.0,573.33,1.3419,1720,1290.0,3.0,739600,2.25
2,2.0,1817,1156,98102,2100000,32,1,0,4.4,1,0,908.5,908.5,0.6362,3634,3634.0,4.0,3301489,4.0
2,2.0,1120,1168,98126,789500,33,3,1,5.1,0,0,560.0,560.0,1.0429,2240,2240.0,4.0,1254400,4.0
2,2.0,1080,1175,98106,533500,65,2,1,6.1,0,0,540.0,540.0,1.088,2160,2160.0,4.0,1166400,4.0
2,2.0,840,1177,98144,725000,25,1,1,5.4,0,0,420.0,420.0,1.4012,1680,1680.0,4.0,705600,4.0
2,3.0,1276,1187,98106,520000,13,1,0,3.9,1,0,638.0,425.33,0.9303,2552,3828.0,6.0,1628176,9.0
2,1.0,1120,1188,98122,700000,26,1,1,4.0,0,0,560.0,1120.0,1.0607,2240,1120.0,2.0,1254400,1.0
2,2.0,1290,1192,98125,635000,1,3,1,3.9,0,0,645.0,645.0,0.924,2580,2580.0,4.0,1664100,4.0
2,2.5,1411,1201,98117,830000,8,1,1,5.8,0,0,705.5,564.4,0.8512,2822,3527.5,5.0,1990921,6.25
2,2.5,840,1224,98144,620000,7,1,1,7.4,1,0,420.0,336.0,1.4571,1680,2100.0,5.0,705600,6.25
2,2.0,1420,1232,98107,690000,61,2,1,6.7,1,0,710.0,710.0,0.8676,2840,2840.0,4.0,2016400,4.0
2,2.0,1200,1247,98122,705000,57,1,1,3.4,1,0,600.0,600.0,1.0392,2400,2400.0,4.0,1440000,4.0
2,2.0,1200,1247,98122,705000,55,1,1,6.7,0,0,600.0,600.0,1.0392,2400,2400.0,4.0,1440000,4.0
2,2.0,1200,1247,98122,699950,36,2,1,6.2,0,0,600.0,600.0,1.0392,2400,2400.0,4.0,1440000,4.0
2,1.5,1020,1249,98102,765000,57,3,1,3.8,0,0,510.0,680.0,1.2245,2040,1530.0,3.0,1040400,2.25
2,5.5,1320,1250,98144,679950,12,2,1,5.0,0,0,660.0,240.0,0.947,2640,7260.0,11.0,1742400,30.25
2,1.5,1150,1262,98125,590000,72,2,0,6.4,1,0,575.0,766.67,1.0974,2300,1725.0,3.0,1322500,2.25
2,2.5,1560,1263,98117,730000,40,1,1,5.9,0,0,780.0,624.0,0.8096,3120,3900.0,5.0,2433600,6.25
2,2.5,820,1293,98126,525000,75,2,1,4.0,0,1,410.0,328.0,1.5768,1640,2050.0,5.0,672400,6.25
2,2.0,950,1308,98117,705000,12,2,1,5.9,1,0,475.0,475.0,1.3768,1900,1900.0,4.0,902500,4.0
2,2.0,1217,1331,98199,787950,39,1,2,3.2,0,0,608.5,608.5,1.0937,2434,2434.0,4.0,1481089,4.0
2,2.5,1160,1332,98103,850000,55,1,0,5.1,0,0,580.0,464.0,1.1483,2320,2900.0,5.0,1345600,6.25
2,1.5,1290,1332,98115,795000,39,1,0,6.4,0,0,645.0,860.0,1.0326,2580,1935.0,3.0,1664100,2.25
2,2.5,1124,1354,98115,799950,35,1,1,5.3,1,0,562.0,449.6,1.2046,2248,2810.0,5.0,1263376,6.25
2,4.0,1291,1361,98116,800500,13,1,1,4.8,1,0,645.5,322.75,1.0542,2582,5164.0,8.0,1666681,16.0
2,2.0,1546,1368,98108,669000,30,1,1,6.2,0,0,773.0,773.0,0.8849,3092,3092.0,4.0,2390116,4.0
2,2.5,994,1388,98136,670000,19,3,1,6.3,1,0,497.0,397.6,1.3964,1988,2485.0,5.0,988036,6.25
2,2.0,1227,1393,98115,715000,24,1,1,6.6,1,0,613.5,613.5,1.1353,2454,2454.0,4.0,1505529,4.0
2,3.5,2080,1412,98103,1495000,54,2,2,6.2,1,0,1040.0,594.29,0.6788,4160,7280.0,7.0,4326400,12.25
2,2.5,1966,1412,98103,1495000,50,2,1,6.4,1,0,983.0,786.4,0.7182,3932,4915.0,5.0,3865156,6.25
2,2.0,840,1452,98116,645000,48,2,1,6.0,0,0,420.0,420.0,1.7286,1680,1680.0,4.0,705600,4.0
2,2.0,1112,1484,98177,675000,28,2,0,5.6,1,0,556.0,556.0,1.3345,2224,2224.0,4.0,1236544,4.0
2,1.5,994,1494,98106,580000,76,1,1,5.4,0,0,497.0,662.67,1.503,1988,1491.0,3.0,988036,2.25
2,4.5,1840,1500,98103,1049000,7,3,2,5.1,1,0,920.0,408.89,0.8152,3680,8280.0,9.0,3385600,20.25
2,2.5,950,1500,98107,675000,27,1,1,4.1,0,0,475.0,380.0,1.5789,1900,2375.0,5.0,902500,6.25
2,1.5,1088,1518,98106,590000,9,3,0,4.3,1,0,544.0,725.33,1.3952,2176,1632.0,3.0,1183744,2.25
2,2.5,1460,1536,98106,599950,27,1,1,5.0,1,0,730.0,584.0,1.0521,2920,3650.0,5.0,2131600,6.25
2,1.0,1180,1560,98122,677000,76,1,2,5.5,0,0,590.0,1180.0,1.322,2360,1180.0,2.0,1392400,1.0
2,1.5,1070,1569,98103,849950,29,2,2,6.7,1,0,535.0,713.33,1.4664,2140,1605.0,3.0,1144900,2.25
2,1.5,1720,1588,98144,725000,72,1,0,5.3,0,0,860.0,1146.67,0.9233,3440,2580.0,3.0,2958400,2.25
2,2.0,1101,1608,98115,780000,39,2,1,6.3,0,1,550.5,550.5,1.4605,2202,2202.0,4.0,1212201,4.0
2,2.0,1042,1615,98144,630000,55,1,1,6.4,0,0,521.0,521.0,1.5499,2084,2084.0,4.0,1085764,4.0
2,2.0,1110,1650,98103,689000,36,1,1,5.1,1,0,555.0,555.0,1.4865,2220,2220.0,4.0,1232100,4.0
2,1.5,1070,1726,98103,850000,21,2,0,5.9,0,0,535.0,713.33,1.6131,2140,1605.0,3.0,1144900,2.25
2,1.5,940,1740,98144,640000,61,3,1,5.1,0,0,470.0,626.67,1.8511,1880,1410.0,3.0,883600,2.25
2,1.5,1290,1748,98144,762500,77,1,1,6.6,0,0,645.0,860.0,1.355,2580,1935.0,3.0,1664100,2.25
2,2.5,950,1748,98107,695000,21,1,1,5.9,0,0,475.0,380.0,1.84,1900,2375.0,5.0,902500,6.25
2,2.5,867,1753,98115,679000,62,1,1,4.1,0,0,433.5,346.8,2.0219,1734,2167.5,5.0,751689,6.25
2,2.0,1469,1762,98115,900000,20,3,1,5.5,1,0,734.5,734.5,1.1995,2938,2938.0,4.0,2157961,4.0
2,2.5,1701,1827,98112,1354000,57,2,2,6.9,1,0,850.5,680.4,1.0741,3402,4252.5,5.0,2893401,6.25
2,1.0,1290,1875,98103,640000,63,1,0,5.1,1,0,645.0,1290.0,1.4535,2580,1290.0,2.0,1664100,1.0
2,2.0,1433,1948,98136,750000,35,1,1,5.7,0,0,716.5,716.5,1.3594,2866,2866.0,4.0,2053489,4.0
2,2.0,1200,1948,98125,620000,58,1,1,5.8,1,0,600.0,600.0,1.6233,2400,2400.0,4.0,1440000,4.0
2,1.0,830,1980,98117,450000,21,1,2,4.3,0,0,415.0,830.0,2.3855,1660,830.0,2.0,688900,1.0
2,2.0,1015,87992,98115,500000,6,3,0,5.8,0,0,507.5,507.5,86.6916,2030,2030.0,4.0,1030225,4.0
2,2.0,1015,87992,98115,468000,7,2,0,3.9,0,0,507.5,507.5,86.6916,2030,2030.0,4.0,1030225,4.0
2,2.0,877,114563,98115,415000,35,1,0,4.7,0,0,438.5,438.5,130.6306,1754,1754.0,4.0,769129,4.0
2,3.0,1073,118048,98133,429900,72,2,1,6.4,0,0,536.5,357.67,110.0168,2146,3219.0,6.0,1151329,9.0
2,2.5,2282,119790,98168,475000,10,1,0,5.7,1,0,1141.0,912.8,52.4934,4564,5705.0,5.0,5207524,6.25
2,1.0,910,2000,98117,800000,36,1,1,5.0,0,0,455.0,910.0,2.1978,1820,910.0,2.0,828100,1.0
2,1.0,1210,2000,98144,725000,56,1,1,5.7,0,0,605.0,1210.0,1.6529,2420,1210.0,2.0,1464100,1.0
2,2.0,900,2041,98102,1650000,16,1,1,5.2,0,0,450.0,450.0,2.2678,1800,1800.0,4.0,810000,4.0
2,2.5,1305,2044,98116,770000,57,1,1,5.3,1,1,652.5,522.0,1.5663,2610,3262.5,5.0,1703025,6.25
2,1.0,976,2064,98106,475000,24,3,1,6.0,0,0,488.0,976.0,2.1148,1952,976.0,2.0,952576,1.0
2,2.5,1086,2068,98115,884950,64,2,1,4.6,0,0,543.0,434.4,1.9042,2172,2715.0,5.0,1179396,6.25
2,2.0,1900,2164,98122,1310000,46,1,1,5.3,0,0,950.0,950.0,1.1389,3800,3800.0,4.0,3610000,4.0
2,1.0,980,2226,98144,598000,43,3,1,5.0,0,0,490.0,980.0,2.2714,1960,980.0,2.0,960400,1.0
2,3.0,1780,2240,98133,720000,14,2,1,3.7,0,0,890.0,593.33,1.2584,3560,5340.0,6.0,3168400,9.0
2,1.0,1980,2295,98144,699950,37,3,2,4.4,0,0,990.0,1980.0,1.1591,3960,1980.0,2.0,3920400,1.0
2,2.5,996,2450,98122,799000,68,2,1,6.9,0,1,498.0,398.4,2.4598,1992,2490.0,5.0,992016,6.25
2,2.0,1150,2462,98107,725000,1,1,0,5.7,0,1,575.0,575.0,2.1409,2300,2300.0,4.0,1322500,4.0
2,1.0,1860,2526,98105,898000,60,2,1,4.0,0,0,930.0,1860.0,1.3581,3720,1860.0,2.0,3459600,1.0
2,2.0,1140,2550,98117,590000,39,2,0,3.8,0,0,570.0,570.0,2.2368,2280,2280.0,4.0,1299600,4.0
2,1.0,1280,2690,98118,859000,57,2,2,5.2,1,0,640.0,1280.0,2.1016,2560,1280.0,2.0,1638400,1.0
2,1.0,970,2714,98103,1075000,53,1,2,6.9,0,0,485.0,970.0,2.7979,1940,970.0,2.0,940900,1.0
2,2.5,840,2891,98115,720000,34,1,1,5.1,0,0,420.0,336.0,3.4417,1680,2100.0,5.0,705600,6.25
2,3.0,2943,133294,98105,1650000,24,1,1,6.6,0,0,1471.5,981.0,45.2919,5886,8829.0,6.0,8661249,9.0
2,2.0,1006,144620,98112,650000,50,1,1,5.7,0,0,503.0,503.0,143.7575,2012,2012.0,4.0,1012036,4.0
2,1.0,885,154203,98105,389000,11,1,1,5.8,1,0,442.5,885.0,174.2407,1770,885.0,2.0,783225,1.0
2,2.5,1138,172934,98126,515000,46,1,1,4.0,0,0,569.0,455.2,151.9631,2276,2845.0,5.0,1295044,6.25
2,2.5,1440,3000,98144,875000,7,3,1,6.2,0,0,720.0,576.0,2.0833,2880,3600.0,5.0,2073600,6.25
2,2.0,980,3000,98118,849950,51,1,2,5.0,0,0,490.0,490.0,3.0612,1960,1960.0,4.0,960400,4.0
2,2.0,1280,3000,98112,776000,50,3,1,6.2,0,0,640.0,640.0,2.3438,2560,2560.0,4.0,1638400,4.0
2,1.0,850,3056,98107,813000,6,1,1,4.5,1,0,425.0,850.0,3.5953,1700,850.0,2.0,722500,1.0
2,2.0,1570,3060,98103,849000,60,2,0,5.5,0,0,785.0,785.0,1.949,3140,3140.0,4.0,2464900,4.0
2,1.0,780,3060,98103,750000,33,1,0,5.7,0,0,390.0,780.0,3.9231,1560,780.0,2.0,608400,1.0
2,2.0,1400,3060,98115,530000,62,2,0,5.1,1,0,700.0,700.0,2.1857,2800,2800.0,4.0,1960000,4.0
2,1.0,760,3072,98144,250000,3,1,1,5.7,1,0,380.0,760.0,4.0421,1520,760.0,2.0,577600,1.0
2,2.0,1620,3090,98103,835000,14,1,2,5.0,0,0,810.0,810.0,1.9074,3240,3240.0,4.0,2624400,4.0
2,1.5,1300,3146,98133,570288,39,1,2,4.7,0,0,650.0,866.67,2.42,2600,1950.0,3.0,1690000,2.25
2,1.0,980,3200,98112,800000,15,2,0,6.9,0,0,490.0,980.0,3.2653,1960,980.0,2.0,960400,1.0
2,1.0,1060,3250,98103,900000,26,1,1,6.3,1,0,530.0,1060.0,3.066,2120,1060.0,2.0,1123600,1.0
2,2.0,1570,3250,98103,715000,52,2,2,4.5,1,0,785.0,785.0,2.0701,3140,3140.0,4.0,2464900,4.0
2,1.0,940,3300,98118,550000,11,2,1,5.9,1,0,470.0,940.0,3.5106,1880,940.0,2.0,883600,1.0
2,1.0,1422,3399,98117,715000,54,1,1,4.6,1,0,711.0,1422.0,2.3903,2844,1422.0,2.0,2022084,1.0
2,2.0,2600,3600,98122,750000,8,1,0,4.1,0,0,1300.0,1300.0,1.3846,5200,5200.0,4.0,6760000,4.0
2,2.5,1475,3753,98103,945000,14,1,1,6.3,0,0,737.5,590.0,2.5444,2950,3687.5,5.0,2175625,6.25
2,1.0,650,3780,98103,708888,47,1,0,3.6,0,0,325.0,650.0,5.8154,1300,650.0,2.0,422500,1.0
2,1.0,990,3844,98133,474000,63,1,1,6.2,1,0,495.0,990.0,3.8828,1980,990.0,2.0,980100,1.0
2,1.5,1260,3858,98118,715000,13,1,0,5.0,0,0,630.0,840.0,3.0619,2520,1890.0,3.0,1587600,2.25
2,3.0,1260,3920,98117,770000,23,3,1,5.1,0,1,630.0,420.0,3.1111,2520,3780.0,6.0,1587600,9.0
2,2.5,1365,176418,98118,525000,74,1,2,5.7,0,0,682.5,546.0,129.244,2730,3412.5,5.0,1863225,6.25
2,1.0,903,176854,98146,363500,79,1,1,5.9,1,0,451.5,903.0,195.8516,1806,903.0,2.0,815409,1.0
2,1.0,903,176854,98146,312500,46,3,0,4.5,1,0,451.5,903.0,195.8516,1806,903.0,2.0,815409,1.0
2,2.0,1245,179032,98168,330000,35,3,0,6.0,1,1,622.5,622.5,143.8008,2490,2490.0,4.0,1550025,4.0
2,1.0,700,4000,98117,800000,27,1,1,5.4,0,0,350.0,700.0,5.7143,1400,700.0,2.0,490000,1.0
2,1.0,850,4000,98144,778000,48,1,1,4.0,1,0,425.0,850.0,4.7059,1700,850.0,2.0,722500,1.0
2,1.5,1760,4000,98144,650000,47,1,0,5.1,1,0,880.0,1173.33,2.2727,3520,2640.0,3.0,3097600,2.25
2,1.5,2280,4000,98144,650000,23,2,1,6.7,1,0,1140.0,1520.0,1.7544,4560,3420.0,3.0,5198400,2.25
2,1.0,840,4000,98108,489000,1,3,1,7.0,1,1,420.0,840.0,4.7619,1680,840.0,2.0,705600,1.0
2,1.0,860,4000,98178,480000,12,1,0,6.0,1,1,430.0,860.0,4.6512,1720,860.0,2.0,739600,1.0
2,1.5,806,4001,98106,510000,76,1,1,4.1,1,0,403.0,537.33,4.964,1612,1209.0,3.0,649636,2.25
2,1.0,980,4100,98107,863000,33,1,2,5.8,0,0,490.0,980.0,4.1837,1960,980.0,2.0,960400,1.0
2,3.0,1740,4148,98105,1395000,38,3,1,6.2,0,0,870.0,580.0,2.3839,3480,5220.0,6.0,3027600,9.0
2,1.0,720,4240,98106,525000,37,1,1,6.0,0,0,360.0,720.0,5.8889,1440,720.0,2.0,518400,1.0
2,1.0,1520,4250,98117,820000,62,1,1,6.1,1,0,760.0,1520.0,2.7961,3040,1520.0,2.0,2310400,1.0
2,1.0,1760,4264,98126,550000,5,1,0,5.7,0,0,880.0,1760.0,2.4227,3520,1760.0,2.0,3097600,1.0
2,1.0,950,4300,98144,337000,6,1,1,5.2,0,0,475.0,950.0,4.5263,1900,950.0,2.0,902500,1.0
2,1.0,1240,4317,98116,656500,22,3,1,4.7,0,0,620.0,1240.0,3.4815,2480,1240.0,2.0,1537600,1.0
2,1.5,1340,4342,98115,675000,38,1,1,3.4,1,0,670.0,893.33,3.2403,2680,2010.0,3.0,1795600,2.25
2,1.0,1180,4386,98106,419000,53,1,1,5.6,1,0,590.0,1180.0,3.7169,2360,1180.0,2.0,1392400,1.0
2,1.0,1130,4388,98199,1180000,39,3,1,5.5,1,0,565.0,1130.0,3.8832,2260,1130.0,2.0,1276900,1.0
2,1.0,1000,4400,98112,750000,35,2,1,5.9,0,0,500.0,1000.0,4.4,2000,1000.0,2.0,1000000,1.0
2,1.0,1090,4500,98118,580000,75,1,1,4.0,1,0,545.0,1090.0,4.1284,2180,1090.0,2.0,1188100,1.0
2,1.0,1250,4500,98118,500000,12,1,0,5.9,1,0,625.0,1250.0,3.6,2500,1250.0,2.0,1562500,1.0
2,1.0,670,4500,98106,490000,45,3,2,7.4,0,0,335.0,670.0,6.7164,1340,670.0,2.0,448900,1.0
2,2.0,1350,4590,98117,960000,43,1,0,5.4,0,0,675.0,675.0,3.4,2700,2700.0,4.0,1822500,4.0
2,1.0,1480,4600,98126,720000,37,2,1,5.2,1,0,740.0,1480.0,3.1081,2960,1480.0,2.0,2190400,1.0
2,1.0,1760,4625,98116,715000,64,2,2,5.6,0,0,880.0,1760.0,2.6278,3520,1760.0,2.0,3097600,1.0
2,1.0,1000,4640,98116,793000,21,2,1,7.3,0,0,500.0,1000.0,4.64,2000,1000.0,2.0,1000000,1.0
2,1.0,770,4672,98106,560000,76,1,0,4.3,1,0,385.0,770.0,6.0675,1540,770.0,2.0,592900,1.0
2,2.0,2470,4800,98102,1525000,26,3,0,5.5,1,0,1235.0,1235.0,1.9433,4940,4940.0,4.0,6100900,4.0
2,1.0,1770,4800,98103,926000,43,3,2,4.5,0,0,885.0,1770.0,2.7119,3540,1770.0,2.0,3132900,1.0
2,1.0,1660,4800,98109,850000,41,1,0,4.8,1,1,830.0,1660.0,2.8916,3320,1660.0,2.0,2755600,1.0
2,1.0,910,4800,98117,825000,67,2,2,5.3,0,1,455.0,910.0,5.2747,1820,910.0,2.0,828100,1.0
2,1.5,1540,4800,98106,751000,35,2,1,6.6,1,0,770.0,1026.67,3.1169,3080,2310.0,3.0,2371600,2.25
2,1.5,901,4800,98107,599000,22,2,0,7.1,0,0,450.5,600.67,5.3274,1802,1351.5,3.0,811801,2.25
2,1.0,860,4800,98108,565000,1,1,1,5.7,1,0,430.0,860.0,5.5814,1720,860.0,2.0,739600,1.0
2,1.0,990,4800,98108,455000,29,1,0,4.9,1,0,495.0,990.0,4.8485,1980,990.0,2.0,980100,1.0
2,2.0,1144,4850,98107,769950,66,3,2,7.8,0,1,572.0,572.0,4.2395,2288,2288.0,4.0,1308736,4.0
2,1.0,1140,4920,98106,528000,0,1,1,4.9,0,0,570.0,1140.0,4.3158,2280,1140.0,2.0,1299600,1.0
2,2.0,2720,4958,98144,720000,71,2,0,4.7,1,0,1360.0,1360.0,1.8228,5440,5440.0,4.0,7398400,4.0
2,1.0,648,4997,98107,430000,43,3,1,3.5,0,0,324.0,648.0,7.7114,1296,648.0,2.0,419904,1.0
2,2.0,1840,5000,98122,1200000,11,2,0,6.7,0,0,920.0,920.0,2.7174,3680,3680.0,4.0,3385600,4.0
2,2.0,1720,5000,98116,985000,24,1,2,6.3,0,0,860.0,860.0,2.907,3440,3440.0,4.0,2958400,4.0
2,1.5,1978,5000,98118,858000,44,2,0,7.7,1,0,989.0,1318.67,2.5278,3956,2967.0,3.0,3912484,2.25
2,2.0,995,5000,98144,850000,25,1,2,3.9,0,0,497.5,497.5,5.0251,1990,1990.0,4.0,990025,4.0
2,1.0,2520,5000,98122,810000,8,3,1,6.8,0,0,1260.0,2520.0,1.9841,5040,2520.0,2.0,6350400,1.0
2,1.0,2530,5000,98122,700000,53,1,0,5.4,1,0,1265.0,2530.0,1.9763,5060,2530.0,2.0,6400900,1.0
2,2.5,1580,5000,98106,699000,53,1,1,6.1,0,0,790.0,632.0,3.1646,3160,3950.0,5.0,2496400,6.25
2,1.0,1201,5000,98126,605000,9,2,1,3.7,0,0,600.5,1201.0,4.1632,2402,1201.0,2.0,1442401,1.0
2,1.0,1410,5000,98118,590000,22,2,0,6.8,0,0,705.0,1410.0,3.5461,2820,1410.0,2.0,1988100,1.0
2,1.5,805,5000,98107,500000,19,2,1,6.1,0,0,402.5,536.67,6.2112,1610,1207.5,3.0,648025,2.25
2,2.0,804,5000,98107,465600,52,1,0,5.3,0,0,402.0,402.0,6.2189,1608,1608.0,4.0,646416,4.0
2,1.0,1230,5000,98144,326000,58,2,0,5.9,1,0,615.0,1230.0,4.065,2460,1230.0,2.0,1512900,1.0
2,1.0,711,5011,98107,485000,58,2,1,4.5,0,0,355.5,711.0,7.0478,1422,711.0,2.0,505521,1.0
2,1.0,1720,5017,98118,575000,75,2,0,4.7,1,0,860.0,1720.0,2.9169,3440,1720.0,2.0,2958400,1.0
2,1.5,1690,5027,98118,779000,61,2,1,4.8,0,0,845.0,1126.67,2.9746,3380,2535.0,3.0,2856100,2.25
2,1.0,1240,5038,98126,750000,25,1,0,3.4,0,0,620.0,1240.0,4.0629,2480,1240.0,2.0,1537600,1.0
2,1.0,1915,5077,98133,725000,8,1,0,6.2,0,0,957.5,1915.0,2.6512,3830,1915.0,2.0,3667225,1.0
2,1.0,820,5100,98118,490000,49,3,2,6.5,0,0,410.0,820.0,6.2195,1640,820.0,2.0,672400,1.0
2,1.0,970,5130,98116,600000,73,2,1,4.6,1,0,485.0,970.0,5.2887,1940,970.0,2.0,940900,1.0
2,1.5,1060,5137,98118,530000,78,1,1,5.6,0,0,530.0,706.67,4.8462,2120,1590.0,3.0,1123600,2.25
2,1.0,730,5150,98106,545000,18,1,0,5.0,0,0,365.0,730.0,7.0548,1460,730.0,2.0,532900,1.0
2,2.0,2170,5250,98116,893000,18,2,1,5.6,0,0,1085.0,1085.0,2.4194,4340,4340.0,4.0,4708900,4.0
2,2.5,1159,5250,98122,885000,2,2,1,4.7,1,0,579.5,463.6,4.5298,2318,2897.5,5.0,1343281,6.25
2,2.0,1094,5250,98122,675000,11,1,0,4.4,0,1,547.0,547.0,4.7989,2188,2188.0,4.0,1196836,4.0
2,1.0,770,5250,98133,530000,44,2,2,6.4,1,0,385.0,770.0,6.8182,1540,770.0,2.0,592900,1.0
2,2.0,1288,5365,98133,755000,43,3,0,5.2,0,1,644.0,644.0,4.1654,2576,2576.0,4.0,1658944,4.0
2,2.0,724,5400,98103,430000,29,1,1,7.3,0,0,362.0,362.0,7.4586,1448,1448.0,4.0,524176,4.0
2,1.0,1110,5413,98125,820000,24,1,1,5.3,1,0,555.0,1110.0,4.8766,2220,1110.0,2.0,1232100,1.0
2,2.0,1140,5445,98133,665000,66,3,1,4.4,0,0,570.0,570.0,4.7763,2280,2280.0,4.0,1299600,4.0
2,2.0,1371,5480,98116,1295000,36,1,1,6.5,0,0,685.5,685.5,3.9971,2742,2742.0,4.0,1879641,4.0
2,1.5,1670,5500,98117,1025000,64,1,1,5.9,1,0,835.0,1113.33,3.2934,3340,2505.0,3.0,2788900,2.25
2,1.5,1127,5500,98102,1008000,77,1,1,6.0,0,0,563.5,751.33,4.8802,2254,1690.5,3.0,1270129,2.25
2,2.5,1088,5500,98107,835000,25,2,1,6.5,0,0,544.0,435.2,5.0551,2176,2720.0,5.0,1183744,6.25
2,2.0,1092,5500,98122,829000,16,1,1,4.6,0,0,546.0,546.0,5.0366,2184,2184.0,4.0,1192464,4.0
2,2.5,1103,5500,98107,780000,76,1,1,5.2,0,0,551.5,441.2,4.9864,2206,2757.5,5.0,1216609,6.25
2,1.0,770,5569,98115,640000,50,1,1,5.1,1,0,385.0,770.0,7.2325,1540,770.0,2.0,592900,1.0
2,1.0,800,560,98103,690000,23,2,1,4.0,0,0,400.0,800.0,0.7,1600,800.0,2.0,640000,1.0
2,2.0,1147,564,98115,749950,49,2,1,5.0,1,0,573.5,573.5,0.4917,2294,2294.0,4.0,1315609,4.0
2,2.0,1149,564,98115,730000,41,1,1,6.6,0,0,574.5,574.5,0.4909,2298,2298.0,4.0,1320201,4.0
2,1.0,1060,5666,98108,875000,72,1,1,5.5,1,0,530.0,1060.0,5.3453,2120,1060.0,2.0,1123600,1.0
2,1.0,1460,5700,98115,400000,20,1,1,4.0,1,0,730.0,1460.0,3.9041,2920,1460.0,2.0,2131600,1.0
2,1.0,770,5772,98106,490000,79,3,2,3.7,1,0,385.0,770.0,7.4961,1540,770.0,2.0,592900,1.0
2,2.0,2360,5800,98199,1460000,74,2,0,7.0,0,0,1180.0,1180.0,2.4576,4720,4720.0,4.0,5569600,4.0
2,2.0,1240,583,98117,710000,14,1,1,5.2,0,0,620.0,620.0,0.4702,2480,2480.0,4.0,1537600,4.0
2,2.0,1163,583,98117,648800,13,1,0,4.7,0,0,581.5,581.5,0.5013,2326,2326.0,4.0,1352569,4.0
2,2.0,940,585,98115,579000,42,2,1,5.0,1,0,470.0,470.0,0.6223,1880,1880.0,4.0,883600,4.0
2,1.0,790,5877,98178,532500,3,2,2,3.8,0,0,395.0,790.0,7.4392,1580,790.0,2.0,624100,1.0
2,2.0,1170,588,98144,644999,23,1,1,6.7,1,0,585.0,585.0,0.5026,2340,2340.0,4.0,1368900,4.0
2,2.0,1170,588,98144,625000,34,1,1,4.9,0,0,585.0,585.0,0.5026,2340,2340.0,4.0,1368900,4.0
2,2.0,1170,588,98144,624999,77,2,1,6.7,1,0,585.0,585.0,0.5026,2340,2340.0,4.0,1368900,4.0
2,2.0,1170,588,98144,624999,79,2,1,5.4,0,0,585.0,585.0,0.5026,2340,2340.0,4.0,1368900,4.0
2,1.0,770,5896,98126,560000,12,2,1,6.7,1,0,385.0,770.0,7.6571,1540,770.0,2.0,592900,1.0
2,3.0,970,593,98102,769900,71,1,1,5.6,0,0,485.0,323.33,0.6113,1940,2910.0,6.0,940900,9.0
2,2.0,2220,5950,98126,551000,7,1,1,6.2,0,0,1110.0,1110.0,2.6802,4440,4440.0,4.0,4928400,4.0
2,2.0,1415,278784,98125,449000,59,2,1,6.0,1,0,707.5,707.5,197.0205,2830,2830.0,4.0,2002225,4.0
2,1.5,2680,6000,98102,1125000,67,3,1,5.9,1,0,1340.0,1786.67,2.2388,5360,4020.0,3.0,7182400,2.25
2,1.0,1080,6000,98199,950000,71,2,1,5.6,1,1,540.0,1080.0,5.5556,2160,1080.0,2.0,1166400,1.0
2,1.5,1480,6000,98118,948800,17,1,0,5.1,1,0,740.0,986.67,4.0541,2960,2220.0,3.0,2190400,2.25
2,1.0,1080,6000,98118,650000,71,2,1,7.2,0,0,540.0,1080.0,5.5556,2160,1080.0,2.0,1166400,1.0
2,2.0,1128,6000,98144,625000,9,1,1,4.4,1,0,564.0,564.0,5.3191,2256,2256.0,4.0,1272384,4.0
2,1.0,930,6000,98133,620000,41,1,1,5.3,0,0,465.0,930.0,6.4516,1860,930.0,2.0,864900,1.0
2,1.0,850,6000,98118,580000,37,2,2,5.3,0,0,425.0,850.0,7.0588,1700,850.0,2.0,722500,1.0
2,2.0,881,6000,98103,550000,25,3,1,5.7,0,0,440.5,440.5,6.8104,1762,1762.0,4.0,776161,4.0
2,1.0,2060,6000,98106,525000,1,3,1,4.9,0,0,1030.0,2060.0,2.9126,4120,2060.0,2.0,4243600,1.0
2,2.0,1131,6018,98116,575000,61,2,1,5.6,0,0,565.5,565.5,5.321,2262,2262.0,4.0,1279161,4.0
2,1.0,900,6030,98168,409050,26,1,1,5.1,1,0,450.0,900.0,6.7,1800,900.0,2.0,810000,1.0
2,1.0,2380,6061,98108,640000,52,3,1,3.7,0,0,1190.0,2380.0,2.5466,4760,2380.0,2.0,5664400,1.0
2,1.5,1320,6080,98116,810000,32,1,2,5.3,1,0,660.0,880.0,4.6061,2640,1980.0,3.0,1742400,2.25
2,1.0,1370,6084,98119,1000000,29,1,1,4.2,0,1,685.0,1370.0,4.4409,2740,1370.0,2.0,1876900,1.0
2,1.0,1440,6090,98125,699950,70,3,1,3.6,0,0,720.0,1440.0,4.2292,2880,1440.0,2.0,2073600,1.0
2,1.0,1040,6103,98133,350000,7,2,1,5.4,0,0,520.0,1040.0,5.8683,2080,1040.0,2.0,1081600,1.0
2,1.5,1580,6120,98115,1300000,58,2,1,5.8,0,1,790.0,1053.33,3.8734,3160,2370.0,3.0,2496400,2.25
2,2.0,850,6120,98115,889900,59,1,0,5.8,0,0,425.0,425.0,7.2,1700,1700.0,4.0,722500,4.0
2,2.0,1760,6150,98108,750000,30,3,2,5.9,1,0,880.0,880.0,3.4943,3520,3520.0,4.0,3097600,4.0
2,1.0,900,6150,98126,480000,20,1,1,3.4,0,0,450.0,900.0,6.8333,1800,900.0,2.0,810000,1.0
2,2.0,1095,617,98177,599950,0,2,0,3.9,0,0,547.5,547.5,0.5635,2190,2190.0,4.0,1199025,4.0
2,1.0,830,6180,98103,942000,74,2,2,7.3,1,0,415.0,830.0,7.4458,1660,830.0,2.0,688900,1.0
2,1.0,1410,6180,98118,799000,75,2,1,4.3,0,0,705.0,1410.0,4.383,2820,1410.0,2.0,1988100,1.0
2,1.0,1200,6200,98103,1025100,19,1,0,5.9,1,0,600.0,1200.0,5.1667,2400,1200.0,2.0,1440000,1.0
2,2.0,1503,6250,98108,729000,2,1,2,4.6,1,0,751.5,751.5,4.1583,3006,3006.0,4.0,2259009,4.0
2,2.0,1524,6250,98108,710000,9,1,1,5.4,0,0,762.0,762.0,4.101,3048,3048.0,4.0,2322576,4.0
2,1.0,670,6300,98126,510000,5,3,1,4.7,0,0,335.0,670.0,9.403,1340,670.0,2.0,448900,1.0
2,1.0,740,6300,98126,500000,66,2,2,5.9,0,0,370.0,740.0,8.5135,1480,740.0,2.0,547600,1.0
2,1.0,1150,6340,98136,845714,71,1,1,5.4,0,0,575.0,1150.0,5.513,2300,1150.0,2.0,1322500,1.0
2,1.0,810,6400,98146,435000,12,2,1,4.9,0,0,405.0,810.0,7.9012,1620,810.0,2.0,656100,1.0
2,2.0,866,649,98107,555000,59,2,1,4.2,1,0,433.0,433.0,0.7494,1732,1732.0,4.0,749956,4.0
2,3.0,1140,650,98144,675000,14,1,1,5.6,0,0,570.0,380.0,0.5702,2280,3420.0,6.0,1299600,9.0
2,1.0,1350,6500,98126,850000,29,1,1,4.1,1,0,675.0,1350.0,4.8148,2700,1350.0,2.0,1822500,1.0
2,1.0,770,6501,98125,620000,47,3,1,5.7,0,0,385.0,770.0,8.4429,1540,770.0,2.0,592900,1.0
2,1.0,870,6554,98118,555000,57,2,1,7.9,0,0,435.0,870.0,7.5333,1740,870.0,2.0,756900,1.0
2,2.0,1036,656,98103,789950,69,1,1,6.7,0,0,518.0,518.0,0.6332,2072,2072.0,4.0,1073296,4.0
2,2.0,968,656,98103,715000,3,2,1,6.0,0,0,484.0,484.0,0.6777,1936,1936.0,4.0,937024,4.0
2,2.0,968,656,98103,700000,15,2,0,5.2,1,0,484.0,484.0,0.6777,1936,1936.0,4.0,937024,4.0
2,1.0,1350,6600,98115,799950,22,2,0,3.4,0,0,675.0,1350.0,4.8889,2700,1350.0,2.0,1822500,1.0
2,1.0,830,6600,98177,645000,24,2,1,4.0,0,0,415.0,830.0,7.9518,1660,830.0,2.0,688900,1.0
2,1.0,1380,6613,98106,640000,79,3,0,6.6,0,0,690.0,1380.0,4.792,2760,1380.0,2.0,1904400,1.0
2,1.0,1650,6650,98106,630000,62,1,1,4.5,0,0,825.0,1650.0,4.0303,3300,1650.0,2.0,2722500,1.0
2,1.0,860,6678,98116,750000,25,1,1,4.6,1,0,430.0,860.0,7.7651,1720,860.0,2.0,739600,1.0
2,1.0,720,6693,98117,545000,77,1,2,5.1,1,1,360.0,720.0,9.2958,1440,720.0,2.0,518400,1.0
2,2.0,1143,672,98107,689900,39,2,1,4.2,1,0,571.5,571.5,0.5879,2286,2286.0,4.0,1306449,4.0
2,1.0,1480,6734,98117,905000,40,1,1,4.1,0,0,740.0,1480.0,4.55,2960,1480.0,2.0,2190400,1.0
2,3.0,920,675,98107,690000,34,1,1,5.2,0,0,460.0,306.67,0.7337,1840,2760.0,6.0,846400,9.0
2,2.0,1560,6750,98115,980000,11,2,1,4.4,1,0,780.0,780.0,4.3269,3120,3120.0,4.0,2433600,4.0
2,1.0,1010,6750,98125,549950,74,1,1,4.6,0,1,505.0,1010.0,6.6832,2020,1010.0,2.0,1020100,1.0
2,2.0,1040,6800,98133,625000,1,1,1,4.5,1,0,520.0,520.0,6.5385,2080,2080.0,4.0,1081600,4.0
2,2.0,2340,6802,98105,1398000,13,1,2,5.8,0,0,1170.0,1170.0,2.9068,4680,4680.0,4.0,5475600,4.0
2,1.5,1810,6827,98115,925000,18,1,0,5.1,0,0,905.0,1206.67,3.7718,3620,2715.0,3.0,3276100,2.25
2,1.0,780,6860,98146,395000,22,1,1,5.1,1,0,390.0,780.0,8.7949,1560,780.0,2.0,608400,1.0
2,1.0,800,6946,98125,550000,10,2,2,5.9,0,0,400.0,800.0,8.6825,1600,800.0,2.0,640000,1.0
2,2.0,1100,698,98107,749000,1,1,1,5.2,1,0,550.0,550.0,0.6345,2200,2200.0,4.0,1210000,4.0
2,1.0,2170,6985,98199,950000,54,1,2,5.0,0,0,1085.0,2170.0,3.2189,4340,2170.0,2.0,4708900,1.0
2,1.0,1440,7080,98146,488000,77,2,1,5.8,0,0,720.0,1440.0,4.9167,2880,1440.0,2.0,2073600,1.0
2,1.5,1550,7154,98112,1550000,9,1,0,6.0,0,0,775.0,1033.33,4.6155,3100,2325.0,3.0,2402500,2.25
2,2.0,1201,720,98103,699950,23,2,0,5.2,0,0,600.5,600.5,0.5995,2402,2402.0,4.0,1442401,4.0
2,2.0,1510,7200,98105,915000,40,2,1,5.4,0,0,755.0,755.0,4.7682,3020,3020.0,4.0,2280100,4.0
2,2.0,1030,7200,98125,826500,74,2,1,4.5,0,0,515.0,515.0,6.9903,2060,2060.0,4.0,1060900,4.0
2,2.0,1960,7405,98168,580000,55,1,1,4.4,0,0,980.0,980.0,3.7781,3920,3920.0,4.0,3841600,4.0
2,2.0,1242,742,98122,769950,61,1,0,6.1,1,0,621.0,621.0,0.5974,2484,2484.0,4.0,1542564,4.0
2,1.0,1150,7425,98118,575000,46,3,1,5.7,0,0,575.0,1150.0,6.4565,2300,1150.0,2.0,1322500,1.0
2,1.0,1330,7425,98125,479000,33,1,0,5.8,0,0,665.0,1330.0,5.5827,2660,1330.0,2.0,1768900,1.0
2,1.0,1260,7440,98133,626000,15,2,2,5.6,0,0,630.0,1260.0,5.9048,2520,1260.0,2.0,1587600,1.0
2,2.0,1470,7443,98125,707000,69,1,3,5.3,1,0,735.0,735.0,5.0633,2940,2940.0,4.0,2160900,4.0
2,1.5,1115,745,98107,745000,64,1,1,6.0,0,0,557.5,743.33,0.6682,2230,1672.5,3.0,1243225,2.25
2,1.5,1390,746,98107,759950,2,2,1,6.2,0,1,695.0,926.67,0.5367,2780,2085.0,3.0,1932100,2.25
2,1.0,1820,7500,98125,1037300,57,3,1,6.2,0,0,910.0,1820.0,4.1209,3640,1820.0,2.0,3312400,1.0
2,1.0,720,7500,98177,600000,6,3,0,5.2,0,0,360.0,720.0,10.4167,1440,720.0,2.0,518400,1.0
2,1.0,740,7500,98126,553500,59,2,1,6.7,0,0,370.0,740.0,10.1351,1480,740.0,2.0,547600,1.0
2,1.0,1440,7531,98133,675000,66,1,0,5.5,0,0,720.0,1440.0,5.2299,2880,1440.0,2.0,2073600,1.0
2,2.5,1490,7547,98115,855000,10,3,0,5.9,1,0,745.0,596.0,5.0651,2980,3725.0,5.0,2220100,6.25
2,2.0,1220,755,98118,600000,34,2,2,5.6,0,0,610.0,610.0,0.6189,2440,2440.0,4.0,1488400,4.0
2,2.0,1365,770,98122,799000,9,1,1,5.5,0,0,682.5,682.5,0.5641,2730,2730.0,4.0,1863225,4.0
2,2.0,1020,776,98118,605000,45,1,1,4.6,0,0,510.0,510.0,0.7608,2040,2040.0,4.0,1040400,4.0
2,2.0,1020,776,98118,605000,74,3,1,6.0,0,0,510.0,510.0,0.7608,2040,2040.0,4.0,1040400,4.0
2,2.5,1470,780,98103,885000,6,1,1,8.1,0,0,735.0,588.0,0.5306,2940,3675.0,5.0,2160900,6.25
2,2.0,1196,780,98107,734999,31,2,2,4.9,0,0,598.0,598.0,0.6522,2392,2392.0,4.0,1430416,4.0
2,2.0,1180,792,98106,527000,77,1,1,5.4,0,0,590.0,590.0,0.6712,2360,2360.0,4.0,1392400,4.0
2,2.0,1319,794,98107,838000,24,1,1,4.9,1,0,659.5,659.5,0.602,2638,2638.0,4.0,1739761,4.0
2,2.0,1146,800,98112,845000,10,1,1,4.8,0,0,573.0,573.0,0.6981,2292,2292.0,4.0,1313316,4.0
2,2.0,1174,800,98109,779000,39,1,1,6.8,1,0,587.0,587.0,0.6814,2348,2348.0,4.0,1378276,4.0
2,2.0,900,8000,98122,590000,40,2,0,4.6,0,0,450.0,450.0,8.8889,1800,1800.0,4.0,810000,4.0
2,2.0,1200,8000,98199,519000,53,3,0,4.8,0,0,600.0,600.0,6.6667,2400,2400.0,4.0,1440000,4.0
2,2.0,1400,802,98199,850000,25,3,1,3.7,1,1,700.0,700.0,0.5729,2800,2800.0,4.0,1960000,4.0
2,1.5,960,8057,98199,515000,76,2,1,4.5,1,0,480.0,640.0,8.3927,1920,1440.0,3.0,921600,2.25
2,2.0,1440,8100,98168,390000,41,1,0,3.6,0,0,720.0,720.0,5.625,2880,2880.0,4.0,2073600,4.0
2,2.0,1350,815,98119,1035000,22,3,1,5.9,1,0,675.0,675.0,0.6037,2700,2700.0,4.0,1822500,4.0
2,1.0,840,8150,98118,495000,76,2,1,8.1,0,0,420.0,840.0,9.7024,1680,840.0,2.0,705600,1.0
2,1.0,2110,8160,98146,376000,73,2,0,4.9,0,0,1055.0,2110.0,3.8673,4220,2110.0,2.0,4452100,1.0
2,1.0,780,8184,98118,675000,39,2,0,3.6,1,0,390.0,780.0,10.4923,1560,780.0,2.0,608400,1.0
2,2.5,1400,824,98102,1062500,1,2,1,6.2,1,0,700.0,560.0,0.5886,2800,3500.0,5.0,1960000,6.25
2,2.0,1164,8280,98117,706474,47,3,1,4.6,0,1,582.0,582.0,7.1134,2328,2328.0,4.0,1354896,4.0
2,1.0,860,8280,98125,675000,44,2,0,6.6,0,0,430.0,860.0,9.6279,1720,860.0,2.0,739600,1.0
2,2.5,1048,834,98112,899000,11,2,1,5.0,0,0,524.0,419.2,0.7958,2096,2620.0,5.0,1098304,6.25
2,1.0,680,8382,98146,565000,50,2,2,4.7,0,0,340.0,680.0,12.3265,1360,680.0,2.0,462400,1.0
2,2.5,840,846,98144,629000,67,1,1,5.1,1,0,420.0,336.0,1.0071,1680,2100.0,5.0,705600,6.25
2,1.5,770,850,98116,550000,8,1,1,6.1,0,0,385.0,513.33,1.1039,1540,1155.0,3.0,592900,2.25
2,2.0,1390,8509,98116,954500,57,2,1,5.1,0,0,695.0,695.0,6.1216,2780,2780.0,4.0,1932100,4.0
2,2.5,1330,856,98105,699950,11,1,1,4.8,0,0,665.0,532.0,0.6436,2660,3325.0,5.0,1768900,6.25
2,2.0,1523,864,98125,639950,59,1,1,5.1,0,0,761.5,761.5,0.5673,3046,3046.0,4.0,2319529,4.0
2,1.0,760,8686,98115,775000,33,2,1,4.0,0,0,380.0,760.0,11.4289,1520,760.0,2.0,577600,1.0
2,2.0,2353,8750,98116,1160000,0,3,1,5.7,1,0,1176.5,1176.5,3.7187,4706,4706.0,4.0,5536609,4.0
2,1.0,680,8795,98125,625000,77,2,1,3.5,0,0,340.0,680.0,12.9338,1360,680.0,2.0,462400,1.0
2,1.0,2300,8799,98168,525000,13,1,1,4.9,1,0,1150.0,2300.0,3.8257,4600,2300.0,2.0,5290000,1.0
2,1.0,886,8863,98112,620000,47,1,1,6.1,0,0,443.0,886.0,10.0034,1772,886.0,2.0,784996,1.0
2,2.5,1459,887,98103,665000,14,2,1,5.6,0,0,729.5,583.6,0.608,2918,3647.5,5.0,2128681,6.25
2,1.0,1060,8908,98125,700000,74,2,2,5.9,0,0,530.0,1060.0,8.4038,2120,1060.0,2.0,1123600,1.0
2,2.5,840,897,98118,612500,59,1,1,5.2,0,0,420.0,336.0,1.0679,1680,2100.0,5.0,705600,6.25
2,2.0,875,898,98116,625000,64,2,0,6.5,0,0,437.5,437.5,1.0263,1750,1750.0,4.0,765625,4.0
2,2.0,1893,400752,98115,727000,34,1,2,6.2,1,0,946.5,946.5,211.7021,3786,3786.0,4.0,3583449,4.0
2,2.0,1761,400752,98115,665000,37,2,1,5.7,1,0,880.5,880.5,227.5707,3522,3522.0,4.0,3101121,4.0
2,2.0,1554,400752,98115,660000,50,3,0,6.2,0,0,777.0,777.0,257.8842,3108,3108.0,4.0,2414916,4.0
2,2.0,1228,900,98109,900000,62,3,1,6.1,0,0,614.0,614.0,0.7329,2456,2456.0,4.0,1507984,4.0
2,2.5,1538,900,98105,895000,67,2,1,4.9,1,0,769.0,615.2,0.5852,3076,3845.0,5.0,2365444,6.25
2,2.0,1372,900,98125,649950,1,1,1,4.0,0,0,686.0,686.0,0.656,2744,2744.0,4.0,1882384,4.0
2,1.5,900,900,98105,568000,53,1,1,5.7,1,0,450.0,600.0,1.0,1800,1350.0,3.0,810000,2.25
2,2.0,875,901,98116,656500,8,1,2,5.8,0,0,437.5,437.5,1.0297,1750,1750.0,4.0,765625,4.0
2,4.5,1670,905,98107,1115000,23,3,0,6.4,0,1,835.0,371.11,0.5419,3340,7515.0,9.0,2788900,20.25
2,2.0,1248,912,98122,890955,66,3,1,4.4,0,0,624.0,624.0,0.7308,2496,2496.0,4.0,1557504,4.0
2,3.0,1300,915,98107,780000,20,3,1,4.4,1,0,650.0,433.33,0.7038,2600,3900.0,6.0,1690000,9.0
2,2.0,1192,928,98103,719950,63,1,1,5.8,0,0,596.0,596.0,0.7785,2384,2384.0,4.0,1420864,4.0
2,1.5,1370,938,98115,700000,37,1,1,5.2,1,0,685.0,913.33,0.6847,2740,2055.0,3.0,1876900,2.25
2,1.5,870,938,98115,700000,18,3,2,3.4,0,0,435.0,580.0,1.0782,1740,1305.0,3.0,756900,2.25
2,3.0,1840,9420,98125,800000,26,2,1,5.7,0,0,920.0,613.33,5.1196,3680,5520.0,6.0,3385600,9.0
2,2.0,1225,960,98115,725000,42,2,1,3.4,1,0,612.5,612.5,0.7837,2450,2450.0,4.0,1500625,4.0
2,2.0,1889,9601,98112,2750000,61,1,1,4.4,0,0,944.5,944.5,5.0826,3778,3778.0,4.0,3568321,4.0
2,2.5,1710,962,98117,875000,48,1,1,6.7,0,0,855.0,684.0,0.5626,3420,4275.0,5.0,2924100,6.25
2,1.5,1120,966,98103,605000,74,2,1,7.1,0,0,560.0,746.67,0.8625,2240,1680.0,3.0,1254400,2.25
2,2.0,1261,978,98125,625000,69,2,1,4.1,1,0,630.5,630.5,0.7756,2522,2522.0,4.0,1590121,4.0
2,2.5,1040,990,98117,705000,60,1,1,5.0,0,0,520.0,416.0,0.9519,2080,2600.0,5.0,1081600,6.25
2,2.5,1043,990,98117,690000,48,2,1,5.3,0,0,521.5,417.2,0.9492,2086,2607.5,5.0,1087849,6.25
3,2.5,1846,10455,98199,1060000,23,1,2,7.2,1,0,615.33,738.4,5.6636,5538,4615.0,7.5,3407716,6.25
3,1.0,1810,10455,98178,512000,33,1,1,5.0,1,0,603.33,1810.0,5.7762,5430,1810.0,3.0,3276100,1.0
3,2.0,2390,10890,98133,1150000,9,3,2,5.0,1,1,796.67,1195.0,4.5565,7170,4780.0,6.0,5712100,4.0
3,1.0,3960,10890,98118,722500,29,3,1,7.0,1,0,1320.0,3960.0,2.75,11880,3960.0,3.0,15681600,1.0
3,1.0,2180,10890,98125,720000,74,3,2,5.1,1,0,726.67,2180.0,4.9954,6540,2180.0,3.0,4752400,1.0
3,2.0,1270,11326,98146,590000,34,1,3,6.2,0,0,423.33,635.0,8.9181,3810,2540.0,6.0,1612900,4.0
3,2.0,924,11326,98126,422000,9,3,1,4.0,0,0,308.0,462.0,12.2576,2772,1848.0,6.0,853776,4.0
3,1.5,1250,11762,98178,552000,52,3,2,5.3,1,0,416.67,833.33,9.4096,3750,1875.0,4.5,1562500,2.25
3,1.0,1800,11762,98168,549000,77,3,2,3.8,1,0,600.0,1800.0,6.5344,5400,1800.0,3.0,3240000,1.0
3,3.5,3130,12197,98105,2350000,69,1,2,4.4,1,0,1043.33,894.29,3.8968,9390,10955.0,10.5,9796900,12.25
3,2.5,2570,12197,98118,1175000,21,2,3,6.3,0,0,856.67,1028.0,4.7459,7710,6425.0,7.5,6604900,6.25
3,1.0,970,12197,98146,515000,36,3,1,5.4,0,0,323.33,970.0,12.5742,2910,970.0,3.0,940900,1.0
3,3.5,3880,12633,98199,2500000,42,2,2,5.1,0,0,1293.33,1108.57,3.2559,11640,13580.0,10.5,15054400,12.25
3,2.0,1939,13504,98109,1070000,19,1,1,4.7,0,0,646.33,969.5,6.9644,5817,3878.0,6.0,3759721,4.0
3,1.0,1530,13504,98146,435000,21,2,1,5.2,0,0,510.0,1530.0,8.8261,4590,1530.0,3.0,2340900,1.0
3,1.0,1090,13504,98178,400000,18,1,2,5.8,1,0,363.33,1090.0,12.389,3270,1090.0,3.0,1188100,1.0
3,2.5,2150,13940,98116,1360000,79,1,2,6.4,0,0,716.67,860.0,6.4837,6450,5375.0,7.5,4622500,6.25
3,1.0,1260,13940,98168,440000,59,2,2,2.8,0,0,420.0,1260.0,11.0635,3780,1260.0,3.0,1587600,1.0
3,1.5,1720,14375,98168,426000,67,1,2,4.6,0,0,573.33,1146.67,8.3576,5160,2580.0,4.5,2958400,2.25
3,1.5,2460,15246,98115,1150000,65,2,1,5.6,0,0,820.0,1640.0,6.1976,7380,3690.0,4.5,6051600,2.25
3,2.0,1411,15246,98104,699000,76,1,1,5.4,1,0,470.33,705.5,10.8051,4233,2822.0,6.0,1990921,4.0
3,1.0,910,15246,98106,650000,8,2,3,5.9,0,0,303.33,910.0,16.7538,2730,910.0,3.0,828100,1.0
3,2.0,2700,16118,98178,734000,70,2,2,5.7,0,0,900.0,1350.0,5.9696,8100,5400.0,6.0,7290000,4.0
3,3.0,1086,16118,98144,539950,5,2,1,5.1,0,0,362.0,362.0,14.8416,3258,3258.0,9.0,1179396,9.0
3,1.0,1430,16118,98168,499800,38,1,1,4.9,0,0,476.67,1430.0,11.2713,4290,1430.0,3.0,2044900,1.0
3,2.0,1370,21780,98112,910000,47,1,1,5.2,0,0,456.67,685.0,15.8978,4110,2740.0,6.0,1876900,4.0
3,3.5,3064,25701,98121,2450000,28,1,2,6.6,1,0,1021.33,875.43,8.3881,9192,10724.0,10.5,9388096,12.25
3,2.0,1596,27879,98105,505000,11,1,1,4.7,1,0,532.0,798.0,17.468,4788,3192.0,6.0,2547216,4.0
3,2.0,2930,30492,98146,775000,15,2,2,5.4,0,0,976.67,1465.0,10.4068,8790,5860.0,6.0,8584900,4.0
3,2.0,1413,43560,98103,1099970,65,1,1,5.6,0,0,471.0,706.5,30.828,4239,2826.0,6.0,1996569,4.0
3,3.0,1687,43560,98115,1035000,25,1,2,7.0,0,0,562.33,562.33,25.821,5061,5061.0,9.0,2845969,9.0
3,2.0,1455,43560,98117,959822,24,1,1,5.1,0,0,485.0,727.5,29.9381,4365,2910.0,6.0,2117025,4.0
3,2.0,1496,43560,98144,910000,73,1,1,6.4,0,0,498.67,748.0,29.1176,4488,2992.0,6.0,2238016,4.0
3,2.0,1096,43560,98117,875000,11,2,2,6.7,1,0,365.33,548.0,39.7445,3288,2192.0,6.0,1201216,4.0
3,2.0,1096,43560,98117,874500,73,2,2,5.4,0,0,365.33,548.0,39.7445,3288,2192.0,6.0,1201216,4.0
3,2.0,1220,43560,98107,824900,73,1,2,5.2,1,0,406.67,610.0,35.7049,3660,2440.0,6.0,1488400,4.0
3,2.0,1496,43560,98144,824500,47,3,1,5.1,0,0,498.67,748.0,29.1176,4488,2992.0,6.0,2238016,4.0
3,3.5,1615,43560,98133,796000,13,2,2,5.2,1,0,538.33,461.43,26.9721,4845,5652.5,10.5,2608225,12.25
3,2.5,1820,43560,98118,690000,12,1,1,6.3,0,0,606.67,728.0,23.9341,5460,4550.0,7.5,3312400,6.25
3,3.5,1679,43560,98126,689000,22,1,1,5.7,0,0,559.67,479.71,25.944,5037,5876.5,10.5,2819041,12.25
3,2.5,1400,1001,98136,785000,46,1,1,5.7,0,0,466.67,560.0,0.715,4200,3500.0,7.5,1960000,6.25
3,3.0,1180,1003,98116,729000,12,1,2,4.3,1,0,393.33,393.33,0.85,3540,3540.0,9.0,1392400,9.0
3,4.5,1760,1008,98109,1440000,36,1,2,4.5,0,0,586.67,391.11,0.5727,5280,7920.0,13.5,3097600,20.25
3,3.5,1450,1020,98115,835000,9,1,2,7.6,0,0,483.33,414.29,0.7034,4350,5075.0,10.5,2102500,12.25
3,2.5,1380,1022,98144,655000,43,2,2,5.3,0,0,460.0,552.0,0.7406,4140,3450.0,7.5,1904400,6.25
3,2.5,2131,1036,98119,1520000,1,1,3,4.7,0,0,710.33,852.4,0.4862,6393,5327.5,7.5,4541161,6.25
3,2.5,1540,1037,98122,852500,56,3,0,6.9,0,0,513.33,616.0,0.6734,4620,3850.0,7.5,2371600,6.25
3,2.5,1604,1040,98144,760000,4,1,1,5.7,0,0,534.67,641.6,0.6484,4812,4010.0,7.5,2572816,6.25
3,2.5,1512,1041,98144,760000,15,1,1,6.0,0,0,504.0,604.8,0.6885,4536,3780.0,7.5,2286144,6.25
3,3.0,1540,1044,98115,800000,13,2,1,5.3,0,0,513.33,513.33,0.6779,4620,4620.0,9.0,2371600,9.0
3,2.0,1490,1050,98107,900000,66,2,1,5.1,1,0,496.67,745.0,0.7047,4470,2980.0,6.0,2220100,4.0
3,2.0,1350,1055,98103,785000,4,2,1,5.3,1,0,450.0,675.0,0.7815,4050,2700.0,6.0,1822500,4.0
3,2.0,1719,1056,98103,1160000,34,1,1,4.1,0,1,573.0,859.5,0.6143,5157,3438.0,6.0,2954961,4.0
3,2.5,1500,1056,98103,1070000,47,1,2,5.4,0,0,500.0,600.0,0.704,4500,3750.0,7.5,2250000,6.25
3,2.0,1350,1056,98136,722500,41,1,2,5.7,0,0,450.0,675.0,0.7822,4050,2700.0,6.0,1822500,4.0
3,2.5,1520,1062,98106,540700,54,1,2,7.3,0,0,506.67,608.0,0.6987,4560,3800.0,7.5,2310400,6.25
3,2.5,1860,1063,98103,1025000,64,3,2,5.5,0,0,620.0,744.0,0.5715,5580,4650.0,7.5,3459600,6.25
3,2.5,1386,1065,98107,999950,31,1,2,3.1,0,0,462.0,554.4,0.7684,4158,3465.0,7.5,1920996,6.25
3,3.5,1450,1081,98118,580000,66,1,1,5.4,0,0,483.33,414.29,0.7455,4350,5075.0,10.5,2102500,12.25
3,2.0,1482,1085,98117,919000,25,3,3,8.2,1,0,494.0,741.0,0.7321,4446,2964.0,6.0,2196324,4.0
3,4.0,1580,1086,98144,825000,78,1,2,6.3,0,0,526.67,395.0,0.6873,4740,6320.0,12.0,2496400,16.0
3,2.5,1220,1095,98109,900000,40,1,0,4.6,1,0,406.67,488.0,0.8975,3660,3050.0,7.5,1488400,6.25
3,2.5,1890,1097,98144,699000,58,1,1,6.0,0,0,630.0,756.0,0.5804,5670,4725.0,7.5,3572100,6.25
3,3.5,1820,1099,98122,1125000,70,1,0,4.7,0,0,606.67,520.0,0.6038,5460,6370.0,10.5,3312400,12.25
3,3.5,1820,1101,98122,1250000,63,2,2,4.1,0,0,606.67,520.0,0.6049,5460,6370.0,10.5,3312400,12.25
3,2.5,1430,1102,98103,855000,68,3,1,5.1,1,0,476.67,572.0,0.7706,4290,3575.0,7.5,2044900,6.25
3,2.0,1540,1102,98144,630000,42,3,1,5.5,1,0,513.33,770.0,0.7156,4620,3080.0,6.0,2371600,4.0
3,2.5,1060,1124,98117,765000,3,1,3,3.6,0,0,353.33,424.0,1.0604,3180,2650.0,7.5,1123600,6.25
3,2.0,1540,1124,98144,680000,39,3,2,4.3,0,0,513.33,770.0,0.7299,4620,3080.0,6.0,2371600,4.0
3,3.5,1970,1125,98105,868500,14,2,2,5.5,0,0,656.67,562.86,0.5711,5910,6895.0,10.5,3880900,12.25
3,3.5,1370,1125,98133,619000,71,1,1,5.0,0,0,456.67,391.43,0.8212,4110,4795.0,10.5,1876900,12.25
3,2.5,1550,1131,98122,1065000,18,3,1,5.8,0,0,516.67,620.0,0.7297,4650,3875.0,7.5,2402500,6.25
3,2.5,1220,1136,98118,618000,18,1,2,4.2,0,0,406.67,488.0,0.9311,3660,3050.0,7.5,1488400,6.25
3,2.0,1548,1139,98117,850000,19,2,2,6.2,0,0,516.0,774.0,0.7358,4644,3096.0,6.0,2396304,4.0
3,2.5,1760,1143,98136,850000,51,2,0,4.3,1,1,586.67,704.0,0.6494,5280,4400.0,7.5,3097600,6.25
3,2.0,1749,1149,98125,699950,45,1,1,7.1,0,0,583.0,874.5,0.6569,5247,3498.0,6.0,3059001,4.0
3,3.5,1240,1164,98116,690000,75,1,2,3.7,0,0,413.33,354.29,0.9387,3720,4340.0,10.5,1537600,12.25
3,1.5,1376,1169,98107,780000,33,1,1,4.4,0,0,458.67,917.33,0.8496,4128,2064.0,4.5,1893376,2.25
3,2.0,1560,1170,98117,920000,22,3,1,5.9,0,0,520.0,780.0,0.75,4680,3120.0,6.0,2433600,4.0
3,2.0,1711,1171,98125,675500,3,1,1,7.1,0,0,570.33,855.5,0.6844,5133,3422.0,6.0,2927521,4.0
3,2.5,1830,1175,98116,960000,0,2,1,5.8,1,0,610.0,732.0,0.6421,5490,4575.0,7.5,3348900,6.25
3,3.5,1500,1182,98103,700000,29,1,2,6.0,1,0,500.0,428.57,0.788,4500,5250.0,10.5,2250000,12.25
3,2.0,1759,1188,98116,890000,74,1,2,5.5,0,0,586.33,879.5,0.6754,5277,3518.0,6.0,3094081,4.0
3,2.0,1678,1191,98103,1160000,41,2,2,4.4,1,1,559.33,839.0,0.7098,5034,3356.0,6.0,2815684,4.0
3,1.5,1350,1193,98107,750000,71,2,1,5.0,0,0,450.0,900.0,0.8837,4050,2025.0,4.5,1822500,2.25
3,3.0,1425,1199,98177,819950,8,2,1,4.2,0,0,475.0,475.0,0.8414,4275,4275.0,9.0,2030625,9.0
3,3.5,1150,1199,98103,625000,7,1,2,4.2,0,0,383.33,328.57,1.0426,3450,4025.0,10.5,1322500,12.25
3,3.5,1460,1200,98117,740000,66,1,2,5.9,0,0,486.67,417.14,0.8219,4380,5110.0,10.5,2131600,12.25
3,2.5,1712,1215,98117,910000,8,1,1,4.3,0,0,570.67,684.8,0.7097,5136,4280.0,7.5,2930944,6.25
3,3.5,1660,1228,98144,765000,4,2,2,5.8,1,0,553.33,474.29,0.7398,4980,5810.0,10.5,2755600,12.25
3,4.5,1460,1231,98108,700000,32,2,2,4.1,0,0,486.67,324.44,0.8432,4380,6570.0,13.5,2131600,20.25
3,2.0,1470,1232,98136,875000,73,1,2,5.7,1,0,490.0,735.0,0.8381,4410,2940.0,6.0,2160900,4.0
3,2.5,1500,1235,98119,1023500,55,2,3,5.0,1,0,500.0,600.0,0.8233,4500,3750.0,7.5,2250000,6.25
3,2.0,1576,1238,98122,974999,7,1,1,6.9,1,0,525.33,788.0,0.7855,4728,3152.0,6.0,2483776,4.0
3,2.0,1498,1238,98122,935000,66,2,2,5.8,0,0,499.33,749.0,0.8264,4494,2996.0,6.0,2244004,4.0
3,3.5,1510,1239,98103,660000,67,2,2,6.7,1,0,503.33,431.43,0.8205,4530,5285.0,10.5,2280100,12.25
3,2.5,1573,1243,98107,1099950,64,2,1,4.7,0,0,524.33,629.2,0.7902,4719,3932.5,7.5,2474329,6.25
3,2.5,1360,1248,98103,700000,72,1,1,5.5,0,0,453.33,544.0,0.9176,4080,3400.0,7.5,1849600,6.25
3,3.5,1360,1248,98103,700000,19,3,1,4.5,0,0,453.33,388.57,0.9176,4080,4760.0,10.5,1849600,12.25
3,1.5,1710,1250,98122,1000000,78,1,2,5.0,1,0,570.0,1140.0,0.731,5130,2565.0,4.5,2924100,2.25
3,2.5,1260,1252,98117,750000,25,3,1,5.2,0,0,420.0,504.0,0.9937,3780,3150.0,7.5,1587600,6.25
3,2.5,1573,1255,98107,1030000,64,1,2,4.7,0,0,524.33,629.2,0.7978,4719,3932.5,7.5,2474329,6.25
3,2.5,1718,1268,98117,900000,46,2,1,4.2,1,0,572.67,687.2,0.7381,5154,4295.0,7.5,2951524,6.25
3,2.5,1346,1270,98107,899000,62,1,1,4.0,0,0,448.67,538.4,0.9435,4038,3365.0,7.5,1811716,6.25
3,3.5,1500,1274,98118,598800,50,1,2,3.1,1,0,500.0,428.57,0.8493,4500,5250.0,10.5,2250000,12.25
3,2.0,1400,1281,98117,780000,51,2,2,4.4,0,0,466.67,700.0,0.915,4200,2800.0,6.0,1960000,4.0
3,2.5,1880,1282,98106,725000,49,2,2,6.1,0,0,626.67,752.0,0.6819,5640,4700.0,7.5,3534400,6.25
3,2.5,1190,1290,98144,750000,62,1,3,3.9,0,0,396.67,476.0,1.084,3570,2975.0,7.5,1416100,6.25
3,2.5,1670,1304,98144,875000,59,3,2,4.1,0,0,556.67,668.0,0.7808,5010,4175.0,7.5,2788900,6.25
3,3.5,1840,1312,98117,1025000,10,1,2,7.2,0,1,613.33,525.71,0.713,5520,6440.0,10.5,3385600,12.25
3,3.5,1580,1312,98144,950000,66,1,1,4.8,0,0,526.67,451.43,0.8304,4740,5530.0,10.5,2496400,12.25
3,3.5,1590,1314,98144,899000,42,1,1,5.8,0,0,530.0,454.29,0.8264,4770,5565.0,10.5,2528100,12.25
3,3.0,1410,1316,98103,1200000,25,1,2,6.1,1,0,470.0,470.0,0.9333,4230,4230.0,9.0,1988100,9.0
3,4.5,1710,1326,98126,725000,41,1,1,6.1,1,0,570.0,380.0,0.7754,5130,7695.0,13.5,2924100,20.25
3,2.0,1270,1333,98103,727000,77,1,1,3.9,0,0,423.33,635.0,1.0496,3810,2540.0,6.0,1612900,4.0
3,5.5,1530,1336,98103,635000,68,1,1,5.2,0,0,510.0,278.18,0.8732,4590,8415.0,16.5,2340900,30.25
3,2.5,1570,1342,98103,700000,66,1,1,3.8,0,0,523.33,628.0,0.8548,4710,3925.0,7.5,2464900,6.25
3,2.0,1470,1348,98107,933500,37,1,1,7.9,1,0,490.0,735.0,0.917,4410,2940.0,6.0,2160900,4.0
3,2.0,1758,1350,98103,1130000,62,2,1,3.9,1,0,586.0,879.0,0.7679,5274,3516.0,6.0,3090564,4.0
3,2.5,1570,1362,98103,901000,30,2,2,4.4,0,0,523.33,628.0,0.8675,4710,3925.0,7.5,2464900,6.25
3,1.5,1307,1362,98125,650000,54,1,1,4.4,0,0,435.67,871.33,1.0421,3921,1960.5,4.5,1708249,2.25
3,2.5,1580,1372,98103,1095000,51,1,1,4.0,1,0,526.67,632.0,0.8684,4740,3950.0,7.5,2496400,6.25
3,2.0,1210,1374,98103,875000,19,2,2,6.8,1,0,403.33,605.0,1.1355,3630,2420.0,6.0,1464100,4.0
3,3.5,1470,1375,98117,845000,21,2,2,7.9,0,0,490.0,420.0,0.9354,4410,5145.0,10.5,2160900,12.25
3,3.0,1650,1376,98103,974999,4,2,1,5.0,1,0,550.0,550.0,0.8339,4950,4950.0,9.0,2722500,9.0
3,2.5,1620,1377,98112,935000,11,3,1,4.1,0,0,540.0,648.0,0.85,4860,4050.0,7.5,2624400,6.25
3,2.0,1320,1386,98103,899000,34,2,1,3.2,0,0,440.0,660.0,1.05,3960,2640.0,6.0,1742400,4.0
3,2.5,1740,1389,98102,1678000,38,3,1,5.2,1,0,580.0,696.0,0.7983,5220,4350.0,7.5,3027600,6.25
3,2.5,1550,1391,98107,825000,13,1,2,5.1,0,0,516.67,620.0,0.8974,4650,3875.0,7.5,2402500,6.25
3,2.0,1684,1395,98117,870000,33,1,1,4.8,0,0,561.33,842.0,0.8284,5052,3368.0,6.0,2835856,4.0
3,2.5,1320,1396,98117,835000,48,1,1,5.7,1,0,440.0,528.0,1.0576,3960,3300.0,7.5,1742400,6.25
3,3.0,1550,1400,98115,950000,18,1,2,5.8,1,0,516.67,516.67,0.9032,4650,4650.0,9.0,2402500,9.0
3,2.0,1422,1405,98117,780000,27,2,0,5.8,0,0,474.0,711.0,0.988,4266,2844.0,6.0,2022084,4.0
3,2.5,1395,1418,98116,725000,29,2,2,5.1,0,0,465.0,558.0,1.0165,4185,3487.5,7.5,1946025,6.25
3,2.5,1620,1423,98122,770000,40,2,1,4.3,1,1,540.0,648.0,0.8784,4860,4050.0,7.5,2624400,6.25
3,2.5,1610,1426,98199,840000,29,1,2,6.1,0,0,536.67,644.0,0.8857,4830,4025.0,7.5,2592100,6.25
3,2.5,1810,1436,98107,1000000,58,1,2,5.5,1,0,603.33,724.0,0.7934,5430,4525.0,7.5,3276100,6.25
3,2.5,1810,1436,98107,1000000,26,1,2,6.3,1,0,603.33,724.0,0.7934,5430,4525.0,7.5,3276100,6.25
3,3.5,1690,1444,98103,965000,34,3,2,6.2,0,0,563.33,482.86,0.8544,5070,5915.0,10.5,2856100,12.25
3,2.5,1380,1464,98126,523750,30,1,0,4.0,0,0,460.0,552.0,1.0609,4140,3450.0,7.5,1904400,6.25
3,3.5,1450,1467,98126,670000,14,1,1,4.0,1,0,483.33,414.29,1.0117,4350,5075.0,10.5,2102500,12.25
3,2.0,1799,1471,98103,940000,54,2,2,4.7,1,0,599.67,899.5,0.8177,5397,3598.0,6.0,3236401,4.0
3,3.5,1410,1478,98117,740000,18,3,1,4.4,0,0,470.0,402.86,1.0482,4230,4935.0,10.5,1988100,12.25
3,2.5,1530,1482,98126,899999,23,3,2,6.2,0,0,510.0,612.0,0.9686,4590,3825.0,7.5,2340900,6.25
3,2.5,1926,1483,98122,1148000,63,1,2,5.8,1,0,642.0,770.4,0.77,5778,4815.0,7.5,3709476,6.25
3,2.5,1631,1485,98103,1049950,75,1,2,6.5,0,0,543.67,652.4,0.9105,4893,4077.5,7.5,2660161,6.25
3,3.5,1680,1486,98126,675000,53,1,1,5.8,0,0,560.0,480.0,0.8845,5040,5880.0,10.5,2822400,12.25
3,3.5,1762,1494,98102,1000000,73,1,0,5.7,1,0,587.33,503.43,0.8479,5286,6167.0,10.5,3104644,12.25
3,3.5,1968,1498,98199,980000,68,2,1,6.6,1,0,656.0,562.29,0.7612,5904,6888.0,10.5,3873024,12.25
3,2.5,1815,1500,98103,1295000,38,1,2,5.9,1,0,605.0,726.0,0.8264,5445,4537.5,7.5,3294225,6.25
3,3.5,2206,1500,98103,1116000,61,1,1,5.5,1,0,735.33,630.29,0.68,6618,7721.0,10.5,4866436,12.25
3,2.5,1610,1500,98119,875000,26,2,2,6.9,0,0,536.67,644.0,0.9317,4830,4025.0,7.5,2592100,6.25
3,2.5,1712,1514,98107,970000,36,1,2,5.6,1,0,570.67,684.8,0.8843,5136,4280.0,7.5,2930944,6.25
3,2.0,1622,1521,98125,692950,42,1,2,5.1,0,0,540.67,811.0,0.9377,4866,3244.0,6.0,2630884,4.0
3,2.0,1330,1539,98122,680000,76,1,0,4.6,0,0,443.33,665.0,1.1571,3990,2660.0,6.0,1768900,4.0
3,3.5,1800,1545,98103,750000,67,1,1,6.2,1,1,600.0,514.29,0.8583,5400,6300.0,10.5,3240000,12.25
3,2.5,1380,1550,98115,613000,39,1,3,6.7,1,0,460.0,552.0,1.1232,4140,3450.0,7.5,1904400,6.25
3,2.5,1569,1553,98107,950000,52,3,1,5.4,1,0,523.0,627.6,0.9898,4707,3922.5,7.5,2461761,6.25
3,2.0,1460,1554,98116,759000,16,2,0,6.8,0,0,486.67,730.0,1.0644,4380,2920.0,6.0,2131600,4.0
3,3.5,1800,1563,98103,1050000,64,1,2,3.5,1,0,600.0,514.29,0.8683,5400,6300.0,10.5,3240000,12.25
3,2.5,1515,1563,98102,905000,44,1,2,5.4,0,0,505.0,606.0,1.0317,4545,3787.5,7.5,2295225,6.25
3,2.0,1608,1568,98103,732000,42,1,2,5.4,1,0,536.0,804.0,0.9751,4824,3216.0,6.0,2585664,4.0
3,2.5,1390,1570,98126,575000,61,2,2,4.7,1,0,463.33,556.0,1.1295,4170,3475.0,7.5,1932100,6.25
3,2.5,1820,1595,98103,990000,50,2,2,7.8,0,1,606.67,728.0,0.8764,5460,4550.0,7.5,3312400,6.25
3,2.5,1790,1600,98117,1050000,5,2,2,5.4,1,0,596.67,716.0,0.8939,5370,4475.0,7.5,3204100,6.25
3,2.5,1566,1602,98122,875000,23,1,2,5.0,0,0,522.0,626.4,1.023,4698,3915.0,7.5,2452356,6.25
3,3.0,1650,1622,98103,950000,14,1,3,5.5,1,0,550.0,550.0,0.983,4950,4950.0,9.0,2722500,9.0
3,3.5,1980,1659,98144,1055000,58,1,2,3.4,1,0,660.0,565.71,0.8379,5940,6930.0,10.5,3920400,12.25
3,3.5,1352,1680,98115,886000,2,1,1,4.7,1,0,450.67,386.29,1.2426,4056,4732.0,10.5,1827904,12.25
3,2.5,1660,1681,98144,690000,16,1,2,6.4,0,0,553.33,664.0,1.0127,4980,4150.0,7.5,2755600,6.25
3,2.5,1670,1687,98117,865000,47,3,2,4.8,0,0,556.67,668.0,1.0102,5010,4175.0,7.5,2788900,6.25
3,2.5,1610,1690,98107,895000,55,1,2,4.6,1,0,536.67,644.0,1.0497,4830,4025.0,7.5,2592100,6.25
3,3.5,2024,1694,98107,1200000,40,2,1,6.8,1,0,674.67,578.29,0.837,6072,7084.0,10.5,4096576,12.25
3,3.5,1710,1728,98126,699000,68,2,2,6.8,1,0,570.0,488.57,1.0105,5130,5985.0,10.5,2924100,12.25
3,2.5,1690,1733,98108,760000,73,2,2,6.0,0,0,563.33,676.0,1.0254,5070,4225.0,7.5,2856100,6.25
3,2.5,2793,1734,98109,1732000,10,1,3,5.0,0,0,931.0,1117.2,0.6208,8379,6982.5,7.5,7800849,6.25
3,2.0,1880,1751,98122,955000,76,2,1,5.2,1,0,626.67,940.0,0.9314,5640,3760.0,6.0,3534400,4.0
3,5.5,1730,1766,98105,850000,49,1,1,4.6,1,0,576.67,314.55,1.0208,5190,9515.0,16.5,2992900,30.25
3,3.5,1936,1770,98122,1295000,50,1,1,4.5,0,0,645.33,553.14,0.9143,5808,6776.0,10.5,3748096,12.25
3,3.5,1590,1781,98136,820000,7,1,1,4.4,0,0,530.0,454.29,1.1201,4770,5565.0,10.5,2528100,12.25
3,3.5,2106,1785,98115,1266000,49,1,1,4.8,0,0,702.0,601.71,0.8476,6318,7371.0,10.5,4435236,12.25
3,2.5,1280,1845,98105,900000,58,2,0,4.4,0,0,426.67,512.0,1.4414,3840,3200.0,7.5,1638400,6.25
3,2.5,1460,1850,98106,575000,46,2,1,3.9,0,0,486.67,584.0,1.2671,4380,3650.0,7.5,2131600,6.25
3,2.5,1420,1873,98103,890000,6,2,2,5.7,0,1,473.33,568.0,1.319,4260,3550.0,7.5,2016400,6.25
3,3.5,2530,1880,98102,1299000,41,1,1,5.7,0,0,843.33,722.86,0.7431,7590,8855.0,10.5,6400900,12.25
3,2.0,1000,1916,98122,710000,74,1,3,7.2,1,0,333.33,500.0,1.916,3000,2000.0,6.0,1000000,4.0
3,2.5,1563,1950,98118,839950,57,2,2,4.8,1,0,521.0,625.2,1.2476,4689,3907.5,7.5,2442969,6.25
3,3.5,1300,1994,98106,583000,10,1,2,5.7,1,0,433.33,371.43,1.5338,3900,4550.0,10.5,1690000,12.25
3,3.0,1608,2039,98126,625000,76,2,2,5.8,0,0,536.0,536.0,1.268,4824,4824.0,9.0,2585664,9.0
3,3.5,1740,2061,98122,840000,76,2,2,5.2,0,0,580.0,497.14,1.1845,5220,6090.0,10.5,3027600,12.25
3,2.5,1970,2109,98103,715000,13,2,2,6.2,0,0,656.67,788.0,1.0706,5910,4925.0,7.5,3880900,6.25
3,2.5,1700,2125,98102,1475000,64,2,2,6.2,0,0,566.67,680.0,1.25,5100,4250.0,7.5,2890000,6.25
3,2.0,1520,2185,98116,916500,32,1,2,5.8,0,0,506.67,760.0,1.4375,4560,3040.0,6.0,2310400,4.0
3,3.0,1880,2200,98107,999950,47,1,2,5.2,1,0,626.67,626.67,1.1702,5640,5640.0,9.0,3534400,9.0
3,3.0,1880,2200,98107,999950,35,1,2,5.1,1,0,626.67,626.67,1.1702,5640,5640.0,9.0,3534400,9.0
3,3.5,2010,2208,98117,1111111,62,1,1,4.1,1,0,670.0,574.29,1.0985,6030,7035.0,10.5,4040100,12.25
3,2.0,1340,2211,98103,925000,79,1,2,4.6,0,0,446.67,670.0,1.65,4020,2680.0,6.0,1795600,4.0
3,2.5,1324,2217,98126,649950,63,2,3,4.8,0,0,441.33,529.6,1.6745,3972,3310.0,7.5,1752976,6.25
3,2.0,1470,2226,98106,600000,74,1,1,4.3,0,0,490.0,735.0,1.5143,4410,2940.0,6.0,2160900,4.0
3,1.5,1220,2242,98144,660000,75,2,2,5.9,0,0,406.67,813.33,1.8377,3660,1830.0,4.5,1488400,2.25
3,3.5,1846,2250,98107,1170000,7,2,2,6.6,1,0,615.33,527.43,1.2189,5538,6461.0,10.5,3407716,12.25
3,2.0,1300,2250,98103,735000,20,3,2,4.5,0,0,433.33,650.0,1.7308,3900,2600.0,6.0,1690000,4.0
3,2.5,1380,2250,98106,590000,57,1,2,5.7,1,0,460.0,552.0,1.6304,4140,3450.0,7.5,1904400,6.25
3,3.0,1530,2260,98126,745000,47,2,0,4.4,0,0,510.0,510.0,1.4771,4590,4590.0,9.0,2340900,9.0
3,3.0,2462,2272,98117,915000,4,1,2,5.1,1,0,820.67,820.67,0.9228,7386,7386.0,9.0,6061444,9.0
3,1.0,1430,2280,98103,980000,7,1,0,4.8,1,0,476.67,1430.0,1.5944,4290,1430.0,3.0,2044900,1.0
3,2.0,1098,2320,98105,864950,41,1,2,6.1,0,0,366.0,549.0,2.1129,3294,2196.0,6.0,1205604,4.0
3,3.5,1540,2322,98126,699950,49,1,2,4.8,1,0,513.33,440.0,1.5078,4620,5390.0,10.5,2371600,12.25
3,2.0,1094,2332,98108,649995,13,1,2,6.5,0,0,364.67,547.0,2.1316,3282,2188.0,6.0,1196836,4.0
3,2.0,1894,2340,98144,697000,13,1,1,5.2,1,0,631.33,947.0,1.2355,5682,3788.0,6.0,3587236,4.0
3,3.5,2480,2400,98119,1795000,10,2,1,4.8,1,0,826.67,708.57,0.9677,7440,8680.0,10.5,6150400,12.25
3,2.0,1560,2400,98117,1180000,45,1,2,4.2,1,1,520.0,780.0,1.5385,4680,3120.0,6.0,2433600,4.0
3,2.5,2118,2466,98118,837000,0,1,1,5.7,1,0,706.0,847.2,1.1643,6354,5295.0,7.5,4485924,6.25
3,3.0,1872,2475,98107,1050000,45,2,1,6.3,0,0,624.0,624.0,1.3221,5616,5616.0,9.0,3504384,9.0
3,3.0,2080,2486,98108,762000,38,3,2,5.7,1,0,693.33,693.33,1.1952,6240,6240.0,9.0,4326400,9.0
3,1.5,1350,2497,98118,599000,37,3,3,7.7,1,0,450.0,900.0,1.8496,4050,2025.0,4.5,1822500,2.25
3,2.5,1763,2498,98117,1135000,54,1,2,6.9,0,0,587.67,705.2,1.4169,5289,4407.5,7.5,3108169,6.25
3,2.5,1763,2498,98117,1125000,41,3,2,5.1,0,0,587.67,705.2,1.4169,5289,4407.5,7.5,3108169,6.25
3,3.0,2560,2500,98112,1300000,58,2,2,5.1,1,0,853.33,853.33,0.9766,7680,7680.0,9.0,6553600,9.0
3,3.5,2030,2500,98122,1200000,61,1,2,5.9,0,0,676.67,580.0,1.2315,6090,7105.0,10.5,4120900,12.25
3,2.0,1565,2500,98103,985000,73,1,1,4.6,0,0,521.67,782.5,1.5974,4695,3130.0,6.0,2449225,4.0
3,2.0,1590,2500,98117,880000,63,3,0,6.6,1,1,530.0,795.0,1.5723,4770,3180.0,6.0,2528100,4.0
3,3.5,3105,2557,98112,2250000,41,1,1,5.8,1,0,1035.0,887.14,0.8235,9315,10867.5,10.5,9641025,12.25
3,1.0,996,2588,98125,560000,39,1,2,5.7,0,0,332.0,996.0,2.5984,2988,996.0,3.0,992016,1.0
3,3.0,1280,2600,98103,900000,18,3,1,6.1,0,0,426.67,426.67,2.0312,3840,3840.0,9.0,1638400,9.0
3,2.5,2198,2621,98144,1675000,47,3,1,7.2,0,0,732.67,879.2,1.1924,6594,5495.0,7.5,4831204,6.25
3,2.0,1260,2640,98133,615000,11,3,1,5.6,1,0,420.0,630.0,2.0952,3780,2520.0,6.0,1587600,4.0
3,2.5,1510,2656,98133,717500,74,3,2,5.3,0,0,503.33,604.0,1.7589,4530,3775.0,7.5,2280100,6.25
3,2.0,2440,2700,98103,1000000,67,3,2,7.0,0,0,813.33,1220.0,1.1066,7320,4880.0,6.0,5953600,4.0
3,2.0,1290,2700,98144,925000,9,1,2,6.4,1,0,430.0,645.0,2.093,3870,2580.0,6.0,1664100,4.0
3,2.5,1660,2700,98122,816750,62,1,2,5.1,1,0,553.33,664.0,1.6265,4980,4150.0,7.5,2755600,6.25
3,2.0,1100,2700,98122,645000,9,2,1,5.5,1,0,366.67,550.0,2.4545,3300,2200.0,6.0,1210000,4.0
3,2.0,2209,2734,98115,715000,57,1,2,5.6,0,0,736.33,1104.5,1.2377,6627,4418.0,6.0,4879681,4.0
3,2.5,1650,2752,98106,675000,7,1,1,5.8,1,0,550.0,660.0,1.6679,4950,4125.0,7.5,2722500,6.25
3,2.5,1730,2757,98125,800000,39,2,0,4.1,0,0,576.67,692.0,1.5936,5190,4325.0,7.5,2992900,6.25
3,2.5,1520,2814,98108,818000,52,3,2,3.9,0,0,506.67,608.0,1.8513,4560,3800.0,7.5,2310400,6.25
3,2.5,1940,2880,98118,1140000,58,1,2,4.6,1,0,646.67,776.0,1.4845,5820,4850.0,7.5,3763600,6.25
3,2.0,1380,2909,98117,800000,33,1,2,4.5,1,0,460.0,690.0,2.108,4140,2760.0,6.0,1904400,4.0
3,2.5,1420,2929,98108,750000,73,2,2,4.8,0,0,473.33,568.0,2.0627,4260,3550.0,7.5,2016400,6.25
3,2.5,1465,2973,98119,1175000,61,1,2,6.1,1,0,488.33,586.0,2.0294,4395,3662.5,7.5,2146225,6.25
3,2.0,1300,2997,98144,778000,16,2,1,5.3,0,0,433.33,650.0,2.3054,3900,2600.0,6.0,1690000,4.0
3,2.5,1681,172934,98126,650000,53,2,1,5.6,0,0,560.33,672.4,102.8757,5043,4202.5,7.5,2825761,6.25
3,2.5,1681,172934,98126,610000,58,2,2,4.2,0,0,560.33,672.4,102.8757,5043,4202.5,7.5,2825761,6.25
3,2.5,2529,3000,98122,1650000,26,1,3,5.0,0,0,843.0,1011.6,1.1862,7587,6322.5,7.5,6395841,6.25
3,1.5,2170,3000,98109,1250000,59,2,2,6.0,1,0,723.33,1446.67,1.3825,6510,3255.0,4.5,4708900,2.25
3,2.5,2730,3000,98122,1199000,71,1,2,6.0,1,0,910.0,1092.0,1.0989,8190,6825.0,7.5,7452900,6.25
3,3.5,1530,3000,98117,1089000,65,2,1,4.7,1,0,510.0,437.14,1.9608,4590,5355.0,10.5,2340900,12.25
3,1.0,1620,3000,98118,600000,61,1,1,5.6,0,0,540.0,1620.0,1.8519,4860,1620.0,3.0,2624400,1.0
3,2.0,1590,3000,98146,560000,50,1,2,7.6,0,1,530.0,795.0,1.8868,4770,3180.0,6.0,2528100,4.0
3,1.0,980,3000,98103,500000,21,2,1,5.4,0,0,326.67,980.0,3.0612,2940,980.0,3.0,960400,1.0
3,2.0,1370,3060,98103,1270000,63,1,1,4.8,1,0,456.67,685.0,2.2336,4110,2740.0,6.0,1876900,4.0
3,2.5,2220,3060,98117,1167500,29,3,1,5.3,0,0,740.0,888.0,1.3784,6660,5550.0,7.5,4928400,6.25
3,2.5,1820,3090,98115,1030000,42,2,2,5.5,0,0,606.67,728.0,1.6978,5460,4550.0,7.5,3312400,6.25
3,1.0,1390,3090,98144,850000,25,1,1,5.3,1,0,463.33,1390.0,2.223,4170,1390.0,3.0,1932100,1.0
3,2.0,2060,3090,98118,700000,25,1,0,5.4,1,0,686.67,1030.0,1.5,6180,4120.0,6.0,4243600,4.0
3,2.0,1920,3154,98199,1067000,12,2,2,4.0,0,0,640.0,960.0,1.6427,5760,3840.0,6.0,3686400,4.0
3,2.0,1800,3172,98117,1130000,76,1,1,4.5,0,0,600.0,900.0,1.7622,5400,3600.0,6.0,3240000,4.0
3,2.0,2462,3200,98119,1150000,11,1,2,5.3,1,0,820.67,1231.0,1.2998,7386,4924.0,6.0,6061444,4.0
3,2.0,1880,3200,98144,911000,6,1,1,5.3,0,0,626.67,940.0,1.7021,5640,3760.0,6.0,3534400,4.0
3,2.0,1700,3220,98118,999999,74,1,1,4.9,0,0,566.67,850.0,1.8941,5100,3400.0,6.0,2890000,4.0
3,2.5,2040,3298,98136,1200000,44,2,2,5.3,1,0,680.0,816.0,1.6167,6120,5100.0,7.5,4161600,6.25
3,2.0,1960,3300,98103,865000,35,1,1,5.5,0,0,653.33,980.0,1.6837,5880,3920.0,6.0,3841600,4.0
3,4.5,2140,3314,98109,1835000,58,2,1,6.3,0,0,713.33,475.56,1.5486,6420,9630.0,13.5,4579600,20.25
3,2.0,1770,3349,98146,805000,30,1,2,5.4,0,1,590.0,885.0,1.8921,5310,3540.0,6.0,3132900,4.0
3,2.0,1379,3353,98125,729950,10,2,1,5.8,0,0,459.67,689.5,2.4315,4137,2758.0,6.0,1901641,4.0
3,2.0,1860,3400,98105,1165000,58,1,1,4.9,0,0,620.0,930.0,1.828,5580,3720.0,6.0,3459600,4.0
3,2.0,1840,3432,98115,865000,14,1,2,6.0,0,0,613.33,920.0,1.8652,5520,3680.0,6.0,3385600,4.0
3,2.0,2256,3500,98119,1370000,44,2,2,5.8,0,0,752.0,1128.0,1.5514,6768,4512.0,6.0,5089536,4.0
3,1.5,2230,3500,98117,1075000,75,1,1,6.3,0,0,743.33,1486.67,1.5695,6690,3345.0,4.5,4972900,2.25
3,2.0,1740,3519,98199,1310000,74,1,0,6.2,1,0,580.0,870.0,2.0224,5220,3480.0,6.0,3027600,4.0
3,1.0,1300,3520,98109,1000000,28,2,2,6.0,1,0,433.33,1300.0,2.7077,3900,1300.0,3.0,1690000,1.0
3,3.0,2546,3600,98109,1810000,62,1,1,5.4,0,0,848.67,848.67,1.414,7638,7638.0,9.0,6482116,9.0
3,1.0,1600,3600,98119,1023000,49,1,2,5.7,0,0,533.33,1600.0,2.25,4800,1600.0,3.0,2560000,1.0
3,1.0,2130,3710,98117,850000,38,1,1,6.5,1,0,710.0,2130.0,1.7418,6390,2130.0,3.0,4536900,1.0
3,0.5,1941,3726,98103,892700,11,2,1,4.8,1,0,647.0,3882.0,1.9196,5823,970.5,1.5,3767481,0.25
3,2.0,2180,3740,98117,1012000,30,2,1,4.8,1,0,726.67,1090.0,1.7156,6540,4360.0,6.0,4752400,4.0
3,1.0,1050,3750,98106,399950,52,2,1,5.6,0,0,350.0,1050.0,3.5714,3150,1050.0,3.0,1102500,1.0
3,3.0,2630,3755,98115,1130000,78,3,1,5.9,0,0,876.67,876.67,1.4278,7890,7890.0,9.0,6916900,9.0
3,1.5,1590,3797,98108,700000,0,1,2,4.6,0,0,530.0,1060.0,2.3881,4770,2385.0,4.5,2528100,2.25
3,2.0,2900,3800,98199,1305000,57,1,1,5.4,1,0,966.67,1450.0,1.3103,8700,5800.0,6.0,8410000,4.0
3,1.5,1720,3825,98117,825000,67,1,2,5.4,0,0,573.33,1146.67,2.2238,5160,2580.0,4.5,2958400,2.25
3,2.5,2974,3840,98119,1750000,76,1,2,3.2,0,0,991.33,1189.6,1.2912,8922,7435.0,7.5,8844676,6.25
3,2.0,1620,3840,98117,675000,33,1,1,5.2,0,0,540.0,810.0,2.3704,4860,3240.0,6.0,2624400,4.0
3,1.0,1070,3840,98117,575000,9,2,1,5.3,0,0,356.67,1070.0,3.5888,3210,1070.0,3.0,1144900,1.0
3,1.5,1570,3880,98117,975000,21,3,1,5.3,0,0,523.33,1046.67,2.4713,4710,2355.0,4.5,2464900,2.25
3,2.0,1840,3880,98117,959630,68,2,2,6.9,0,0,613.33,920.0,2.1087,5520,3680.0,6.0,3385600,4.0
3,2.0,2260,3880,98107,877000,70,2,1,4.2,0,0,753.33,1130.0,1.7168,6780,4520.0,6.0,5107600,4.0
3,1.5,2120,3880,98105,865000,50,2,0,4.6,1,0,706.67,1413.33,1.8302,6360,3180.0,4.5,4494400,2.25
3,2.0,1300,3914,98199,1100000,9,1,1,2.8,1,0,433.33,650.0,3.0108,3900,2600.0,6.0,1690000,4.0
3,2.0,1800,3993,98177,1050000,9,3,1,5.0,0,0,600.0,900.0,2.2183,5400,3600.0,6.0,3240000,4.0
3,2.5,2030,3999,98115,1439000,38,3,2,5.1,1,0,676.67,812.0,1.97,6090,5075.0,7.5,4120900,6.25
3,2.5,1820,176418,98118,690000,47,1,0,4.9,1,0,606.67,728.0,96.933,5460,4550.0,7.5,3312400,6.25
3,2.0,1900,4000,98112,1766000,2,1,1,6.6,0,1,633.33,950.0,2.1053,5700,3800.0,6.0,3610000,4.0
3,2.5,2734,4000,98109,1605200,54,2,2,6.3,0,0,911.33,1093.6,1.4631,8202,6835.0,7.5,7474756,6.25
3,2.5,2260,4000,98103,1406000,43,1,2,5.5,0,0,753.33,904.0,1.7699,6780,5650.0,7.5,5107600,6.25
3,1.5,2440,4000,98112,1400000,0,3,1,5.1,0,0,813.33,1626.67,1.6393,7320,3660.0,4.5,5953600,2.25
3,2.0,2495,4000,98105,1250000,7,3,1,6.5,0,0,831.67,1247.5,1.6032,7485,4990.0,6.0,6225025,4.0
3,1.0,1060,4000,98117,1125000,36,1,2,5.4,0,0,353.33,1060.0,3.7736,3180,1060.0,3.0,1123600,1.0
3,1.5,1610,4000,98122,1106000,57,1,0,4.6,0,0,536.67,1073.33,2.4845,4830,2415.0,4.5,2592100,2.25
3,2.0,2520,4000,98115,1050000,66,1,0,3.7,0,0,840.0,1260.0,1.5873,7560,5040.0,6.0,6350400,4.0
3,3.0,2040,4000,98117,1000000,34,1,1,5.0,0,1,680.0,680.0,1.9608,6120,6120.0,9.0,4161600,9.0
3,1.0,1120,4000,98112,985000,23,1,2,6.2,0,0,373.33,1120.0,3.5714,3360,1120.0,3.0,1254400,1.0
3,2.0,2320,4000,98115,880000,77,2,1,7.7,1,0,773.33,1160.0,1.7241,6960,4640.0,6.0,5382400,4.0
3,2.0,1870,4000,98136,849000,36,1,2,5.5,0,0,623.33,935.0,2.139,5610,3740.0,6.0,3496900,4.0
3,2.0,2110,4000,98108,815000,25,1,2,4.7,0,0,703.33,1055.0,1.8957,6330,4220.0,6.0,4452100,4.0
3,2.0,2164,4000,98117,800000,35,1,3,4.3,0,0,721.33,1082.0,1.8484,6492,4328.0,6.0,4682896,4.0
3,2.0,1520,4000,98117,760000,0,2,1,6.0,1,0,506.67,760.0,2.6316,4560,3040.0,6.0,2310400,4.0
3,1.5,1280,4000,98144,750000,24,1,1,3.7,1,0,426.67,853.33,3.125,3840,1920.0,4.5,1638400,2.25
3,2.0,2040,4000,98144,695000,41,1,3,6.0,0,0,680.0,1020.0,1.9608,6120,4080.0,6.0,4161600,4.0
3,2.0,1760,4000,98106,689000,73,3,1,6.3,0,0,586.67,880.0,2.2727,5280,3520.0,6.0,3097600,4.0
3,2.5,2620,4080,98119,1300000,59,1,2,5.9,0,0,873.33,1048.0,1.5573,7860,6550.0,7.5,6864400,6.25
3,1.5,2550,4080,98105,958748,62,1,1,5.2,0,0,850.0,1700.0,1.6,7650,3825.0,4.5,6502500,2.25
3,2.0,1790,4080,98115,900000,43,1,2,6.0,1,0,596.67,895.0,2.2793,5370,3580.0,6.0,3204100,4.0
3,1.0,1380,4080,98117,890000,8,1,1,5.6,0,0,460.0,1380.0,2.9565,4140,1380.0,3.0,1904400,1.0
3,1.0,1050,4080,98117,835000,31,1,1,4.7,1,0,350.0,1050.0,3.8857,3150,1050.0,3.0,1102500,1.0
3,3.5,2570,4094,98105,2000000,79,2,1,7.3,0,0,856.67,734.29,1.593,7710,8995.0,10.5,6604900,12.25
3,1.5,2300,4100,98107,1125000,3,1,2,5.1,0,0,766.67,1533.33,1.7826,6900,3450.0,4.5,5290000,2.25
3,2.5,3100,4120,98112,2610000,70,1,2,6.2,1,0,1033.33,1240.0,1.329,9300,7750.0,7.5,9610000,6.25
3,1.0,1100,4120,98106,468000,54,1,1,3.0,0,0,366.67,1100.0,3.7455,3300,1100.0,3.0,1210000,1.0
3,2.0,2600,4200,98144,1525000,22,2,2,6.7,1,0,866.67,1300.0,1.6154,7800,5200.0,6.0,6760000,4.0
3,1.0,1730,4200,98103,900000,62,3,2,6.9,0,0,576.67,1730.0,2.4277,5190,1730.0,3.0,2992900,1.0
3,1.0,980,4200,98119,700000,66,1,1,5.5,1,0,326.67,980.0,4.2857,2940,980.0,3.0,960400,1.0
3,3.0,2070,4227,98136,730000,3,1,2,6.0,0,0,690.0,690.0,2.042,6210,6210.0,9.0,4284900,9.0
3,2.0,1440,4239,98119,1195000,8,1,2,6.0,0,0,480.0,720.0,2.9438,4320,2880.0,6.0,2073600,4.0
3,2.5,3590,4250,98103,1725000,53,1,3,4.8,1,0,1196.67,1436.0,1.1838,10770,8975.0,7.5,12888100,6.25
3,2.0,1710,4267,98133,659000,79,1,1,6.0,0,0,570.0,855.0,2.4953,5130,3420.0,6.0,2924100,4.0
3,2.5,2500,4305,98117,1685000,1,1,1,4.6,0,1,833.33,1000.0,1.722,7500,6250.0,7.5,6250000,6.25
3,1.0,1660,4349,98115,749900,53,2,2,4.8,1,0,553.33,1660.0,2.6199,4980,1660.0,3.0,2755600,1.0
3,2.0,3190,4380,98112,2700000,10,1,2,6.6,0,0,1063.33,1595.0,1.373,9570,6380.0,6.0,10176100,4.0
3,2.0,2370,4400,98119,1180000,52,1,1,6.4,1,0,790.0,1185.0,1.8565,7110,4740.0,6.0,5616900,4.0
3,2.0,2350,4400,98122,1140000,49,1,1,4.7,0,0,783.33,1175.0,1.8723,7050,4700.0,6.0,5522500,4.0
3,2.0,1960,4400,98199,955000,7,3,2,4.7,0,0,653.33,980.0,2.2449,5880,3920.0,6.0,3841600,4.0
3,2.5,2320,4400,98116,949000,54,2,1,4.8,0,1,773.33,928.0,1.8966,6960,5800.0,7.5,5382400,6.25
3,2.0,2354,4400,98115,938000,71,1,1,6.2,0,0,784.67,1177.0,1.8692,7062,4708.0,6.0,5541316,4.0
3,2.0,1806,4400,98126,799000,69,1,2,4.5,1,0,602.0,903.0,2.4363,5418,3612.0,6.0,3261636,4.0
3,2.5,2470,4452,98126,800000,2,2,2,5.8,0,0,823.33,988.0,1.8024,7410,6175.0,7.5,6100900,6.25
3,1.0,1030,4480,98105,710000,19,3,1,6.2,0,0,343.33,1030.0,4.3495,3090,1030.0,3.0,1060900,1.0
3,2.5,2860,4500,98126,1630000,19,1,0,5.4,0,0,953.33,1144.0,1.5734,8580,7150.0,7.5,8179600,6.25
3,1.5,990,4500,98122,775000,36,3,0,6.5,0,0,330.0,660.0,4.5455,2970,1485.0,4.5,980100,2.25
3,2.0,1460,4590,98117,888000,11,2,1,5.1,0,0,486.67,730.0,3.1438,4380,2920.0,6.0,2131600,4.0
3,2.0,2160,4590,98115,825000,68,1,1,5.2,1,0,720.0,1080.0,2.125,6480,4320.0,6.0,4665600,4.0
3,2.0,1611,4648,98107,915000,62,2,1,4.5,1,0,537.0,805.5,2.8852,4833,3222.0,6.0,2595321,4.0
3,2.0,1996,4656,98117,986500,64,1,1,6.5,1,0,665.33,998.0,2.3327,5988,3992.0,6.0,3984016,4.0
3,2.0,1237,4760,98106,747250,15,1,1,4.7,0,0,412.33,618.5,3.848,3711,2474.0,6.0,1530169,4.0
3,1.5,2000,4800,98112,1400000,1,1,1,5.8,0,1,666.67,1333.33,2.4,6000,3000.0,4.5,4000000,2.25
3,2.5,2740,4800,98117,1375000,72,1,1,5.4,0,0,913.33,1096.0,1.7518,8220,6850.0,7.5,7507600,6.25
3,1.5,2200,4800,98117,860000,23,2,2,4.4,1,0,733.33,1466.67,2.1818,6600,3300.0,4.5,4840000,2.25
3,2.5,1396,4800,98136,780000,52,1,2,4.8,0,0,465.33,558.4,3.4384,4188,3490.0,7.5,1948816,6.25
3,1.5,1780,4800,98126,650000,72,1,2,6.8,0,0,593.33,1186.67,2.6966,5340,2670.0,4.5,3168400,2.25
3,3.0,1120,4800,98168,525000,2,1,1,5.7,0,0,373.33,373.33,4.2857,3360,3360.0,9.0,1254400,9.0
3,2.5,1710,4814,98115,1190000,0,3,1,4.4,1,0,570.0,684.0,2.8152,5130,4275.0,7.5,2924100,6.25
3,2.0,1676,4828,98115,840000,0,3,2,5.8,1,0,558.67,838.0,2.8807,5028,3352.0,6.0,2808976,4.0
3,1.0,1240,4842,98118,531000,12,2,2,5.3,1,0,413.33,1240.0,3.9048,3720,1240.0,3.0,1537600,1.0
3,2.0,2130,4850,98107,990200,4,1,1,8.9,0,0,710.0,1065.0,2.277,6390,4260.0,6.0,4536900,4.0
3,2.0,1940,4850,98107,895000,65,2,2,5.7,1,0,646.67,970.0,2.5,5820,3880.0,6.0,3763600,4.0
3,1.0,940,4850,98136,500000,48,2,0,5.1,0,0,313.33,940.0,5.1596,2820,940.0,3.0,883600,1.0
3,2.0,2370,4865,98126,1200000,78,2,2,6.9,0,0,790.0,1185.0,2.0527,7110,4740.0,6.0,5616900,4.0
3,3.5,2188,4920,98112,1700000,64,1,2,3.6,0,1,729.33,625.14,2.2486,6564,7658.0,10.5,4787344,12.25
3,2.0,2410,4950,98199,1083000,77,3,1,5.5,0,1,803.33,1205.0,2.0539,7230,4820.0,6.0,5808100,4.0
3,2.0,1560,4960,98106,799000,19,1,3,7.4,0,0,520.0,780.0,3.1795,4680,3120.0,6.0,2433600,4.0
3,2.5,3560,5000,98116,1575000,23,1,1,5.3,0,0,1186.67,1424.0,1.4045,10680,8900.0,7.5,12673600,6.25
3,2.0,2740,5000,98144,1278500,67,1,2,3.7,0,0,913.33,1370.0,1.8248,8220,5480.0,6.0,7507600,4.0
3,2.0,2050,5000,98109,1265000,19,1,1,5.1,1,1,683.33,1025.0,2.439,6150,4100.0,6.0,4202500,4.0
3,1.0,2200,5000,98105,1250000,4,1,1,6.9,1,0,733.33,2200.0,2.2727,6600,2200.0,3.0,4840000,1.0
3,3.0,2380,5000,98136,1230000,53,1,1,5.8,1,0,793.33,793.33,2.1008,7140,7140.0,9.0,5664400,9.0
3,2.0,3140,5000,98117,1219700,64,1,2,4.6,0,0,1046.67,1570.0,1.5924,9420,6280.0,6.0,9859600,4.0
3,2.0,1516,5000,98116,1150000,77,3,2,4.8,0,0,505.33,758.0,3.2982,4548,3032.0,6.0,2298256,4.0
3,2.5,2304,5000,98117,1100000,74,1,2,4.9,1,0,768.0,921.6,2.1701,6912,5760.0,7.5,5308416,6.25
3,3.0,1390,5000,98126,1095000,9,2,1,5.8,0,0,463.33,463.33,3.5971,4170,4170.0,9.0,1932100,9.0
3,2.0,1680,5000,98199,1087500,61,3,2,6.8,0,0,560.0,840.0,2.9762,5040,3360.0,6.0,2822400,4.0
3,3.5,1740,5000,98103,1020000,67,2,1,6.5,0,0,580.0,497.14,2.8736,5220,6090.0,10.5,3027600,12.25
3,3.0,1740,5000,98136,1010000,55,3,2,5.9,1,0,580.0,580.0,2.8736,5220,5220.0,9.0,3027600,9.0
3,1.0,1780,5000,98144,975000,65,1,1,4.1,0,0,593.33,1780.0,2.809,5340,1780.0,3.0,3168400,1.0
3,2.0,1960,5000,98105,950000,67,2,2,4.1,1,0,653.33,980.0,2.551,5880,3920.0,6.0,3841600,4.0
3,1.5,1730,5000,98115,870000,35,3,3,6.0,0,0,576.67,1153.33,2.8902,5190,2595.0,4.5,2992900,2.25
3,2.0,1720,5000,98199,855000,3,1,1,4.1,0,0,573.33,860.0,2.907,5160,3440.0,6.0,2958400,4.0
3,1.5,1240,5000,98117,850000,36,1,0,5.2,0,0,413.33,826.67,4.0323,3720,1860.0,4.5,1537600,2.25
3,2.0,2190,5000,98106,840000,16,2,1,5.8,0,0,730.0,1095.0,2.2831,6570,4380.0,6.0,4796100,4.0
3,2.5,2090,5000,98108,820000,9,1,2,4.3,0,0,696.67,836.0,2.3923,6270,5225.0,7.5,4368100,6.25
3,2.0,1480,5000,98116,780000,9,1,2,4.4,0,0,493.33,740.0,3.3784,4440,2960.0,6.0,2190400,4.0
3,1.0,1220,5000,98107,750000,55,3,2,5.4,0,0,406.67,1220.0,4.0984,3660,1220.0,3.0,1488400,1.0
3,2.5,1980,5000,98146,675000,40,3,2,6.0,0,0,660.0,792.0,2.5253,5940,4950.0,7.5,3920400,6.25
3,1.0,4018,5000,98122,517500,43,1,2,6.5,1,0,1339.33,4018.0,1.2444,12054,4018.0,3.0,16144324,1.0
3,3.0,1940,5000,98199,450000,59,2,2,6.1,0,0,646.67,646.67,2.5773,5820,5820.0,9.0,3763600,9.0
3,2.0,1460,5005,98106,583000,43,1,2,5.5,0,0,486.67,730.0,3.4281,4380,2920.0,6.0,2131600,4.0
3,2.0,1580,5040,98116,1000000,50,2,2,4.7,0,0,526.67,790.0,3.1899,4740,3160.0,6.0,2496400,4.0
3,2.0,1560,5056,98116,965000,6,2,2,4.4,0,0,520.0,780.0,3.241,4680,3120.0,6.0,2433600,4.0
3,2.0,1650,5075,98126,750000,68,1,2,4.9,0,0,550.0,825.0,3.0758,4950,3300.0,6.0,2722500,4.0
3,4.0,2360,5080,98115,1325000,35,1,1,5.9,1,0,786.67,590.0,2.1525,7080,9440.0,12.0,5569600,16.0
3,1.5,2160,5080,98117,915000,12,2,1,5.8,0,0,720.0,1440.0,2.3519,6480,3240.0,4.5,4665600,2.25
3,2.5,2600,5100,98117,1148000,65,1,3,3.4,1,0,866.67,1040.0,1.9615,7800,6500.0,7.5,6760000,6.25
3,1.0,2160,5100,98115,920000,58,1,2,4.7,0,0,720.0,2160.0,2.3611,6480,2160.0,3.0,4665600,1.0
3,2.0,1640,5100,98136,900000,4,1,2,6.7,0,0,546.67,820.0,3.1098,4920,3280.0,6.0,2689600,4.0
3,2.0,1770,5100,98118,660000,15,3,2,5.5,1,0,590.0,885.0,2.8814,5310,3540.0,6.0,3132900,4.0
3,3.5,2480,5118,98122,1500000,1,1,1,4.0,0,0,826.67,708.57,2.0637,7440,8680.0,10.5,6150400,12.25
3,2.5,2120,5120,98122,1365000,21,2,2,7.8,0,0,706.67,848.0,2.4151,6360,5300.0,7.5,4494400,6.25
3,1.5,1340,5120,98106,615000,7,3,2,5.4,0,0,446.67,893.33,3.8209,4020,2010.0,4.5,1795600,2.25
3,3.0,1524,513,98122,875000,56,1,2,5.8,1,0,508.0,508.0,0.3366,4572,4572.0,9.0,2322576,9.0
3,3.0,1524,513,98122,850000,41,2,0,5.8,1,0,508.0,508.0,0.3366,4572,4572.0,9.0,2322576,9.0
3,2.0,1640,5145,98106,700000,78,2,1,5.1,0,0,546.67,820.0,3.1372,4920,3280.0,6.0,2689600,4.0
3,2.5,2080,5160,98116,1200000,59,1,3,4.7,1,0,693.33,832.0,2.4808,6240,5200.0,7.5,4326400,6.25
3,2.0,2760,5195,98119,1256000,48,2,1,7.6,0,0,920.0,1380.0,1.8822,8280,5520.0,6.0,7617600,4.0
3,2.0,2840,5196,98199,1400000,40,1,0,6.5,0,0,946.67,1420.0,1.8296,8520,5680.0,6.0,8065600,4.0
3,1.5,1640,5196,98103,1060000,4,1,3,6.3,1,0,546.67,1093.33,3.1683,4920,2460.0,4.5,2689600,2.25
3,2.5,2910,5200,98109,1975000,5,1,2,6.0,0,0,970.0,1164.0,1.7869,8730,7275.0,7.5,8468100,6.25
3,1.0,890,5200,98126,575000,49,2,1,4.4,0,0,296.67,890.0,5.8427,2670,890.0,3.0,792100,1.0
3,3.5,2996,5219,98115,2050000,0,2,1,6.7,1,0,998.67,856.0,1.742,8988,10486.0,10.5,8976016,12.25
3,3.0,1450,525,98117,750000,3,1,2,4.6,0,0,483.33,483.33,0.3621,4350,4350.0,9.0,2102500,9.0
3,2.0,2330,5280,98103,1098000,17,3,1,5.7,1,0,776.67,1165.0,2.2661,6990,4660.0,6.0,5428900,4.0
3,2.0,2060,5280,98126,756110,70,2,2,3.8,0,0,686.67,1030.0,2.5631,6180,4120.0,6.0,4243600,4.0
3,2.0,1060,5290,98106,599000,36,3,2,3.4,0,0,353.33,530.0,4.9906,3180,2120.0,6.0,1123600,4.0
3,3.0,1440,5300,98144,1050000,56,2,2,5.8,0,0,480.0,480.0,3.6806,4320,4320.0,9.0,2073600,9.0
3,3.5,2899,5346,98199,1800000,32,1,2,4.6,1,0,966.33,828.29,1.8441,8697,10146.5,10.5,8404201,12.25
3,2.0,1700,5346,98115,1150000,13,2,1,3.5,0,0,566.67,850.0,3.1447,5100,3400.0,6.0,2890000,4.0
3,2.0,2950,5350,98199,1500000,29,1,2,6.0,0,0,983.33,1475.0,1.8136,8850,5900.0,6.0,8702500,4.0
3,2.0,1240,5400,98117,705000,7,1,1,7.6,1,0,413.33,620.0,4.3548,3720,2480.0,6.0,1537600,4.0
3,1.0,860,5400,98125,699000,61,1,1,6.8,1,0,286.67,860.0,6.2791,2580,860.0,3.0,739600,1.0
3,2.0,1670,5400,98118,485000,14,3,2,5.2,1,0,556.67,835.0,3.2335,5010,3340.0,6.0,2788900,4.0
3,1.0,1670,5500,98136,731000,30,2,2,5.5,0,1,556.67,1670.0,3.2934,5010,1670.0,3.0,2788900,1.0
3,7.0,2190,5504,98112,1868000,78,1,2,6.3,0,0,730.0,312.86,2.5132,6570,15330.0,21.0,4796100,49.0
3,2.0,1120,5518,98106,600000,47,1,2,6.6,0,0,373.33,560.0,4.9268,3360,2240.0,6.0,1254400,4.0
3,2.0,2020,5525,98117,1625000,36,1,1,5.1,1,0,673.33,1010.0,2.7351,6060,4040.0,6.0,4080400,4.0
3,4.0,2400,5563,98122,1460000,43,2,2,5.5,1,0,800.0,600.0,2.3179,7200,9600.0,12.0,5760000,16.0
3,2.0,2000,5632,98115,925000,62,1,1,5.8,1,0,666.67,1000.0,2.816,6000,4000.0,6.0,4000000,4.0
3,2.0,2080,5650,98178,738000,20,2,1,6.0,0,0,693.33,1040.0,2.7163,6240,4160.0,6.0,4326400,4.0
3,2.5,1010,570,98118,615000,50,1,1,5.3,0,0,336.67,404.0,0.5644,3030,2525.0,7.5,1020100,6.25
3,2.0,2100,5750,98116,1325000,69,1,3,5.3,0,0,700.0,1050.0,2.7381,6300,4200.0,6.0,4410000,4.0
3,2.0,1080,5750,98116,875000,45,3,0,6.8,0,1,360.0,540.0,5.3241,3240,2160.0,6.0,1166400,4.0
3,2.0,1500,5750,98136,770000,35,1,2,6.7,0,0,500.0,750.0,3.8333,4500,3000.0,6.0,2250000,4.0
3,2.5,2490,5757,98103,935625,11,1,0,5.9,0,0,830.0,996.0,2.312,7470,6225.0,7.5,6200100,6.25
3,3.0,1620,5760,98136,1058000,19,1,1,7.2,1,0,540.0,540.0,3.5556,4860,4860.0,9.0,2624400,9.0
3,1.5,1172,5760,98122,685000,75,2,1,5.1,1,0,390.67,781.33,4.9147,3516,1758.0,4.5,1373584,2.25
3,2.5,1790,5761,98106,590000,43,1,0,7.1,1,0,596.67,716.0,3.2184,5370,4475.0,7.5,3204100,6.25
3,1.0,1200,5786,98105,1099950,24,1,2,6.0,1,0,400.0,1200.0,4.8217,3600,1200.0,3.0,1440000,1.0
3,2.0,2980,5800,98115,1415000,33,1,1,8.7,1,1,993.33,1490.0,1.9463,8940,5960.0,6.0,8880400,4.0
3,2.0,2480,5829,98126,800000,46,2,0,4.3,1,0,826.67,1240.0,2.3504,7440,4960.0,6.0,6150400,4.0
3,2.0,1830,5850,98126,835000,43,2,2,4.8,0,1,610.0,915.0,3.1967,5490,3660.0,6.0,3348900,4.0
3,1.0,1220,5850,98116,680000,55,3,2,5.9,0,1,406.67,1220.0,4.7951,3660,1220.0,3.0,1488400,1.0
3,1.0,1460,5856,98115,880000,20,1,2,5.8,0,0,486.67,1460.0,4.011,4380,1460.0,3.0,2131600,1.0
3,1.0,1000,5960,98118,710000,51,3,2,7.4,0,0,333.33,1000.0,5.96,3000,1000.0,3.0,1000000,1.0
3,3.0,3120,5996,98199,1350000,35,1,2,4.8,0,0,1040.0,1040.0,1.9218,9360,9360.0,9.0,9734400,9.0
3,2.0,2260,6000,98199,1300000,75,2,2,6.4,1,0,753.33,1130.0,2.6549,6780,4520.0,6.0,5107600,4.0
3,2.0,1680,6000,98136,910000,12,2,3,6.6,1,0,560.0,840.0,3.5714,5040,3360.0,6.0,2822400,4.0
3,2.0,2020,6000,98119,900000,11,2,2,6.2,1,0,673.33,1010.0,2.9703,6060,4040.0,6.0,4080400,4.0
3,2.5,2590,6000,98144,795000,36,2,1,4.5,1,0,863.33,1036.0,2.3166,7770,6475.0,7.5,6708100,6.25
3,1.0,1210,6000,98119,795000,40,2,2,6.9,1,0,403.33,1210.0,4.9587,3630,1210.0,3.0,1464100,1.0
3,2.0,1630,6000,98168,630000,55,1,2,6.7,0,0,543.33,815.0,3.681,4890,3260.0,6.0,2656900,4.0
3,2.0,1250,6000,98106,625000,32,2,0,6.0,1,0,416.67,625.0,4.8,3750,2500.0,6.0,1562500,4.0
3,3.5,1930,6000,98125,600000,73,2,2,5.7,1,0,643.33,551.43,3.1088,5790,6755.0,10.5,3724900,12.25
3,2.0,2120,6009,98117,1345000,37,3,3,5.7,1,0,706.67,1060.0,2.8344,6360,4240.0,6.0,4494400,4.0
3,1.5,1420,6009,98117,980000,10,3,2,5.4,0,0,473.33,946.67,4.2317,4260,2130.0,4.5,2016400,2.25
3,2.0,2299,6022,98199,1435000,9,1,2,6.1,0,0,766.33,1149.5,2.6194,6897,4598.0,6.0,5285401,4.0
3,3.0,1420,6037,98115,950000,77,2,2,5.5,1,0,473.33,473.33,4.2514,4260,4260.0,9.0,2016400,9.0
3,1.5,1030,6086,98125,739000,10,1,1,4.6,0,0,343.33,686.67,5.9087,3090,1545.0,4.5,1060900,2.25
3,2.0,1900,6093,98115,965000,75,2,2,4.4,0,0,633.33,950.0,3.2068,5700,3800.0,6.0,3610000,4.0
3,1.0,1120,6096,98106,615000,22,3,1,4.7,0,0,373.33,1120.0,5.4429,3360,1120.0,3.0,1254400,1.0
3,2.0,1440,6120,98115,935000,7,1,1,5.7,0,0,480.0,720.0,4.25,4320,2880.0,6.0,2073600,4.0
3,2.0,1660,6120,98115,795000,24,2,2,5.4,0,0,553.33,830.0,3.6867,4980,3320.0,6.0,2755600,4.0
3,2.0,1960,6138,98115,900000,49,3,2,5.7,1,0,653.33,980.0,3.1316,5880,3920.0,6.0,3841600,4.0
3,1.5,2560,6150,98118,720000,34,3,1,6.0,1,0,853.33,1706.67,2.4023,7680,3840.0,4.5,6553600,2.25
3,1.0,1177,6150,98126,650000,62,1,2,4.8,1,0,392.33,1177.0,5.2251,3531,1177.0,3.0,1385329,1.0
3,3.0,2380,6172,98199,1385000,48,1,1,6.9,0,0,793.33,793.33,2.5933,7140,7140.0,9.0,5664400,9.0
3,2.0,1800,6180,98118,936000,32,3,2,5.2,0,0,600.0,900.0,3.4333,5400,3600.0,6.0,3240000,4.0
3,1.5,1880,6194,98118,489000,50,3,2,5.0,0,0,626.67,1253.33,3.2947,5640,2820.0,4.5,3534400,2.25
3,1.5,1880,6215,98125,749000,77,2,2,5.9,0,0,626.67,1253.33,3.3059,5640,2820.0,4.5,3534400,2.25
3,1.0,1340,6223,98117,765000,32,3,2,3.6,0,0,446.67,1340.0,4.644,4020,1340.0,3.0,1795600,1.0
3,3.0,1660,625,98118,795000,12,1,2,4.7,1,0,553.33,553.33,0.3765,4980,4980.0,9.0,2755600,9.0
3,1.0,1320,6250,98168,529000,32,2,2,6.4,1,0,440.0,1320.0,4.7348,3960,1320.0,3.0,1742400,1.0
3,1.5,2220,6270,98115,930000,67,1,2,3.7,0,0,740.0,1480.0,2.8243,6660,3330.0,4.5,4928400,2.25
3,1.5,1920,6300,98133,865000,17,3,1,6.6,0,0,640.0,1280.0,3.2812,5760,2880.0,4.5,3686400,2.25
3,1.5,1540,6300,98126,689000,75,2,3,7.0,0,0,513.33,1026.67,4.0909,4620,2310.0,4.5,2371600,2.25
3,2.0,1010,6300,98106,650000,47,3,2,5.1,0,0,336.67,505.0,6.2376,3030,2020.0,6.0,1020100,4.0
3,3.0,1250,6350,98117,815000,48,2,2,5.7,0,0,416.67,416.67,5.08,3750,3750.0,9.0,1562500,9.0
3,1.5,1220,6350,98103,599000,25,1,1,6.6,0,0,406.67,813.33,5.2049,3660,1830.0,4.5,1488400,2.25
3,2.0,2817,6375,98103,912000,73,1,1,5.0,0,0,939.0,1408.5,2.263,8451,5634.0,6.0,7935489,4.0
3,2.0,2284,6395,98136,850000,2,1,2,6.3,0,0,761.33,1142.0,2.7999,6852,4568.0,6.0,5216656,4.0
3,2.0,1580,6396,98126,820000,23,2,2,4.8,1,0,526.67,790.0,4.0481,4740,3160.0,6.0,2496400,4.0
3,2.0,2020,6397,98117,840000,33,1,0,5.0,0,0,673.33,1010.0,3.1668,6060,4040.0,6.0,4080400,4.0
3,2.0,2120,6400,98103,1130000,38,3,2,4.7,0,0,706.67,1060.0,3.0189,6360,4240.0,6.0,4494400,4.0
3,2.0,1580,6400,98126,942000,37,1,1,5.8,0,0,526.67,790.0,4.0506,4740,3160.0,6.0,2496400,4.0
3,2.0,2437,6500,98118,1275000,11,1,2,6.6,0,0,812.33,1218.5,2.6672,7311,4874.0,6.0,5938969,4.0
3,1.0,1070,6535,98168,515000,18,1,1,5.3,0,0,356.67,1070.0,6.1075,3210,1070.0,3.0,1144900,1.0
3,1.5,1370,6556,98178,659950,7,1,2,4.2,1,0,456.67,913.33,4.7854,4110,2055.0,4.5,1876900,2.25
3,1.0,1070,6567,98178,580000,45,1,2,4.4,1,0,356.67,1070.0,6.1374,3210,1070.0,3.0,1144900,1.0
3,3.0,2360,6600,98117,1775000,28,1,1,5.8,0,0,786.67,786.67,2.7966,7080,7080.0,9.0,5569600,9.0
3,2.0,2702,6600,98103,1605000,45,2,1,7.3,0,0,900.67,1351.0,2.4426,8106,5404.0,6.0,7300804,4.0
3,1.5,1630,6615,98115,895000,47,2,1,5.8,0,0,543.33,1086.67,4.0583,4890,2445.0,4.5,2656900,2.25
3,2.5,1350,662,98119,899000,56,3,2,5.1,0,0,450.0,540.0,0.4904,4050,3375.0,7.5,1822500,6.25
3,2.0,1390,6656,98116,899950,43,1,1,6.2,0,0,463.33,695.0,4.7885,4170,2780.0,6.0,1932100,4.0
3,3.0,2160,6710,98118,1300000,51,3,0,5.2,1,0,720.0,720.0,3.1065,6480,6480.0,9.0,4665600,9.0
3,2.0,1550,6720,98199,1100000,46,3,2,5.1,0,0,516.67,775.0,4.3355,4650,3100.0,6.0,2402500,4.0
3,2.0,1720,6720,98116,869000,52,3,1,4.5,0,0,573.33,860.0,3.907,5160,3440.0,6.0,2958400,4.0
3,3.0,1630,6721,98168,615000,49,1,1,6.9,0,0,543.33,543.33,4.1233,4890,4890.0,9.0,2656900,9.0
3,1.5,1060,6765,98178,535000,25,3,0,2.9,0,0,353.33,706.67,6.3821,3180,1590.0,4.5,1123600,2.25
3,2.0,2080,6769,98108,800000,19,2,1,6.2,1,0,693.33,1040.0,3.2543,6240,4160.0,6.0,4326400,4.0
3,2.5,1047,680,98144,720000,62,1,1,5.0,0,0,349.0,418.8,0.6495,3141,2617.5,7.5,1096209,6.25
3,2.0,1890,6808,98106,700000,27,1,2,5.0,0,0,630.0,945.0,3.6021,5670,3780.0,6.0,3572100,4.0
3,3.0,1700,6882,98136,1275000,43,2,1,7.1,0,0,566.67,566.67,4.0482,5100,5100.0,9.0,2890000,9.0
3,1.0,2280,6900,98116,1005000,15,1,2,4.7,1,0,760.0,2280.0,3.0263,6840,2280.0,3.0,5198400,1.0
3,2.5,1810,6925,98125,922000,34,1,1,4.8,0,0,603.33,724.0,3.826,5430,4525.0,7.5,3276100,6.25
3,2.5,1600,695,98144,699900,42,2,1,5.3,0,0,533.33,640.0,0.4344,4800,4000.0,7.5,2560000,6.25
3,2.0,1900,6957,98199,1299000,50,1,2,5.9,0,0,633.33,950.0,3.6616,5700,3800.0,6.0,3610000,4.0
3,4.5,3760,7000,98199,1570000,42,1,2,5.0,0,0,1253.33,835.56,1.8617,11280,16920.0,13.5,14137600,20.25
3,3.0,1790,7080,98109,1325000,28,1,1,3.9,1,0,596.67,596.67,3.9553,5370,5370.0,9.0,3204100,9.0
3,1.0,1410,7080,98118,475000,76,2,1,4.6,0,0,470.0,1410.0,5.0213,4230,1410.0,3.0,1988100,1.0
3,2.5,1550,7089,98116,1350000,41,1,2,6.7,0,0,516.67,620.0,4.5735,4650,3875.0,7.5,2402500,6.25
3,1.0,1010,7100,98178,475000,64,3,2,5.5,0,0,336.67,1010.0,7.0297,3030,1010.0,3.0,1020100,1.0
3,1.0,1270,7140,98117,1050000,58,1,1,5.9,0,0,423.33,1270.0,5.622,3810,1270.0,3.0,1612900,1.0
3,1.5,1520,7150,98146,720000,44,3,1,5.2,0,0,506.67,1013.33,4.7039,4560,2280.0,4.5,2310400,2.25
3,2.0,1111,719,98112,849000,70,2,2,4.8,1,0,370.33,555.5,0.6472,3333,2222.0,6.0,1234321,4.0
3,2.5,2350,7200,98115,1582800,10,3,1,7.1,0,0,783.33,940.0,3.0638,7050,5875.0,7.5,5522500,6.25
3,1.0,1450,7200,98115,1125000,73,3,1,5.3,0,0,483.33,1450.0,4.9655,4350,1450.0,3.0,2102500,1.0
3,3.0,1460,7200,98144,1000000,68,1,2,5.0,0,0,486.67,486.67,4.9315,4380,4380.0,9.0,2131600,9.0
3,2.0,2140,7200,98115,918000,40,3,2,6.5,1,0,713.33,1070.0,3.3645,6420,4280.0,6.0,4579600,4.0
3,2.0,2020,7200,98133,917500,58,2,2,4.7,0,0,673.33,1010.0,3.5644,6060,4040.0,6.0,4080400,4.0
3,2.5,1690,7200,98125,807500,41,3,1,4.9,0,0,563.33,676.0,4.2604,5070,4225.0,7.5,2856100,6.25
3,2.5,2783,7206,98199,1640000,21,3,1,5.5,0,0,927.67,1113.2,2.5893,8349,6957.5,7.5,7745089,6.25
3,2.0,1770,7242,98168,500000,63,2,2,5.5,0,0,590.0,885.0,4.0915,5310,3540.0,6.0,3132900,4.0
3,1.0,910,7242,98168,480000,19,1,1,5.7,1,0,303.33,910.0,7.9582,2730,910.0,3.0,828100,1.0
3,1.0,1090,7258,98133,630000,25,1,2,7.5,0,0,363.33,1090.0,6.6587,3270,1090.0,3.0,1188100,1.0
3,3.0,1790,7286,98125,755000,41,1,1,5.8,0,0,596.67,596.67,4.0704,5370,5370.0,9.0,3204100,9.0
3,2.0,1425,729,98117,759999,66,1,1,3.1,0,0,475.0,712.5,0.5116,4275,2850.0,6.0,2030625,4.0
3,2.0,2350,7320,98178,888000,30,2,1,5.8,0,0,783.33,1175.0,3.1149,7050,4700.0,6.0,5522500,4.0
3,1.0,950,7320,98106,589000,39,2,2,5.5,0,0,316.67,950.0,7.7053,2850,950.0,3.0,902500,1.0
3,3.0,2110,7324,98177,1270000,3,1,1,5.5,0,0,703.33,703.33,3.4711,6330,6330.0,9.0,4452100,9.0
3,3.5,3290,7338,98126,1400000,9,1,2,5.7,0,1,1096.67,940.0,2.2304,9870,11515.0,10.5,10824100,12.25
3,1.0,1120,7407,98178,708000,4,2,1,5.4,1,0,373.33,1120.0,6.6134,3360,1120.0,3.0,1254400,1.0
3,2.5,1520,741,98108,565000,5,2,2,5.4,1,0,506.67,608.0,0.4875,4560,3800.0,7.5,2310400,6.25
3,2.5,2000,7440,98106,799000,69,3,3,6.1,0,0,666.67,800.0,3.72,6000,5000.0,7.5,4000000,6.25
3,2.5,3020,7500,98177,1450000,67,2,1,4.9,1,0,1006.67,1208.0,2.4834,9060,7550.0,7.5,9120400,6.25
3,2.5,1620,7500,98106,875100,65,2,0,4.5,1,1,540.0,648.0,4.6296,4860,4050.0,7.5,2624400,6.25
3,2.0,1910,7500,98136,725000,4,3,2,8.5,0,0,636.67,955.0,3.9267,5730,3820.0,6.0,3648100,4.0
3,2.0,1160,7500,98178,566000,6,1,1,4.7,0,0,386.67,580.0,6.4655,3480,2320.0,6.0,1345600,4.0
3,2.0,1731,7514,98125,575000,22,3,1,5.6,0,0,577.0,865.5,4.3408,5193,3462.0,6.0,2996361,4.0
3,2.0,1209,752,98116,725000,45,1,1,4.0,0,0,403.0,604.5,0.622,3627,2418.0,6.0,1461681,4.0
3,3.5,3380,7531,98177,1599500,26,1,2,5.6,0,0,1126.67,965.71,2.2281,10140,11830.0,10.5,11424400,12.25
3,2.5,2650,7548,98136,1112000,39,1,1,4.5,0,0,883.33,1060.0,2.8483,7950,6625.0,7.5,7022500,6.25
3,1.0,1920,7550,98146,456000,13,1,1,5.0,1,0,640.0,1920.0,3.9323,5760,1920.0,3.0,3686400,1.0
3,2.0,1425,759,98117,750000,58,1,2,6.5,0,0,475.0,712.5,0.5326,4275,2850.0,6.0,2030625,4.0
3,3.0,1454,760,98122,890955,25,3,1,5.9,1,0,484.67,484.67,0.5227,4362,4362.0,9.0,2114116,9.0
3,3.0,1660,7650,98117,1200000,5,2,1,6.0,0,0,553.33,553.33,4.6084,4980,4980.0,9.0,2755600,9.0
3,1.0,1340,7669,98177,785000,59,1,1,3.7,0,0,446.67,1340.0,5.7231,4020,1340.0,3.0,1795600,1.0
3,2.0,1705,7680,98177,910000,72,3,1,7.3,1,1,568.33,852.5,4.5044,5115,3410.0,6.0,2907025,4.0
3,2.0,1360,7680,98125,830000,1,1,1,4.3,0,0,453.33,680.0,5.6471,4080,2720.0,6.0,1849600,4.0
3,2.0,2770,7770,98115,700000,34,1,2,7.0,0,0,923.33,1385.0,2.8051,8310,5540.0,6.0,7672900,4.0
3,2.0,2100,7800,98136,845000,66,2,1,6.5,0,0,700.0,1050.0,3.7143,6300,4200.0,6.0,4410000,4.0
3,1.0,830,7800,98125,660000,56,1,1,6.0,1,0,276.67,830.0,9.3976,2490,830.0,3.0,688900,1.0
3,2.0,2100,7800,98168,510000,68,2,1,4.6,0,0,700.0,1050.0,3.7143,6300,4200.0,6.0,4410000,4.0
3,2.0,2270,7920,98122,1550000,33,3,1,5.6,0,0,756.67,1135.0,3.489,6810,4540.0,6.0,5152900,4.0
3,2.0,2170,7920,98178,560000,29,1,2,5.0,0,0,723.33,1085.0,3.6498,6510,4340.0,6.0,4708900,4.0
3,2.5,2230,7944,98178,555000,56,1,2,5.5,0,0,743.33,892.0,3.5623,6690,5575.0,7.5,4972900,6.25
3,2.5,1860,7992,98136,1050000,12,3,1,5.2,0,0,620.0,744.0,4.2968,5580,4650.0,7.5,3459600,6.25
3,2.5,2340,8000,98177,1900000,19,2,2,3.4,0,0,780.0,936.0,3.4188,7020,5850.0,7.5,5475600,6.25
3,3.0,3400,8000,98136,1150000,48,2,1,6.6,0,0,1133.33,1133.33,2.3529,10200,10200.0,9.0,11560000,9.0
3,2.5,2600,8023,98136,1475000,53,1,2,5.4,0,0,866.67,1040.0,3.0858,7800,6500.0,7.5,6760000,6.25
3,2.0,2250,8030,98105,2080000,9,1,2,5.0,0,0,750.0,1125.0,3.5689,6750,4500.0,6.0,5062500,4.0
3,1.0,860,8054,98178,425000,40,2,2,4.9,1,0,286.67,860.0,9.3651,2580,860.0,3.0,739600,1.0
3,1.5,1550,8070,98133,835000,29,2,0,5.8,0,0,516.67,1033.33,5.2065,4650,2325.0,4.5,2402500,2.25
3,2.0,1360,8100,98125,850000,40,1,2,4.6,0,0,453.33,680.0,5.9559,4080,2720.0,6.0,1849600,4.0
3,1.0,1170,8100,98133,825000,76,2,2,3.2,0,0,390.0,1170.0,6.9231,3510,1170.0,3.0,1368900,1.0
3,1.0,990,8100,98146,635000,6,2,1,5.9,1,0,330.0,990.0,8.1818,2970,990.0,3.0,980100,1.0
3,2.0,2020,8120,98125,950000,79,1,2,6.0,0,0,673.33,1010.0,4.0198,6060,4040.0,6.0,4080400,4.0
3,2.0,1380,815,98122,740000,35,1,1,5.3,0,0,460.0,690.0,0.5906,4140,2760.0,6.0,1904400,4.0
3,3.0,1760,8160,98125,670000,61,2,1,4.3,0,0,586.67,586.67,4.6364,5280,5280.0,9.0,3097600,9.0
3,1.0,970,8160,98177,625000,33,2,2,5.5,0,0,323.33,970.0,8.4124,2910,970.0,3.0,940900,1.0
3,3.0,4010,8207,98112,3050000,24,1,0,4.0,0,0,1336.67,1336.67,2.0466,12030,12030.0,9.0,16080100,9.0
3,2.5,1500,8240,98105,860000,61,1,1,4.4,0,0,500.0,600.0,5.4933,4500,3750.0,7.5,2250000,6.25
3,3.0,1410,826,98107,865000,55,2,2,4.7,0,0,470.0,470.0,0.5858,4230,4230.0,9.0,1988100,9.0
3,2.0,1740,8309,98115,1070000,11,1,0,6.3,0,0,580.0,870.0,4.7753,5220,3480.0,6.0,3027600,4.0
3,2.0,2740,8340,98177,1305000,56,3,1,5.1,1,0,913.33,1370.0,3.0438,8220,5480.0,6.0,7507600,4.0
3,2.5,1870,837,98117,890000,60,2,1,5.0,1,0,623.33,748.0,0.4476,5610,4675.0,7.5,3496900,6.25
3,3.0,1720,8370,98177,865000,31,3,1,7.4,0,0,573.33,573.33,4.8663,5160,5160.0,9.0,2958400,9.0
3,2.0,1328,839,98103,929950,74,1,1,5.8,1,0,442.67,664.0,0.6318,3984,2656.0,6.0,1763584,4.0
3,2.0,1730,8421,98125,910000,51,1,2,5.8,1,0,576.67,865.0,4.8676,5190,3460.0,6.0,2992900,4.0
3,3.0,1190,850,98144,765000,26,1,2,5.1,1,0,396.67,396.67,0.7143,3570,3570.0,9.0,1416100,9.0
3,3.5,2650,8500,98136,1095000,0,2,2,4.9,1,1,883.33,757.14,3.2075,7950,9275.0,10.5,7022500,12.25
3,1.5,1540,8505,98178,535000,53,1,2,3.3,0,0,513.33,1026.67,5.5227,4620,2310.0,4.5,2371600,2.25
3,3.0,1970,8540,98177,1395000,16,1,2,6.4,0,0,656.67,656.67,4.335,5910,5910.0,9.0,3880900,9.0
3,2.0,1670,8573,98146,620000,60,1,1,5.9,0,0,556.67,835.0,5.1335,5010,3340.0,6.0,2788900,4.0
3,2.0,1380,8580,98125,775000,42,1,2,5.3,0,0,460.0,690.0,6.2174,4140,2760.0,6.0,1904400,4.0
3,2.0,1328,859,98103,920000,37,1,1,5.3,0,0,442.67,664.0,0.6468,3984,2656.0,6.0,1763584,4.0
3,3.0,2650,8612,98105,1600000,13,2,2,6.2,0,1,883.33,883.33,3.2498,7950,7950.0,9.0,7022500,9.0
3,2.0,1600,8640,98117,877500,56,3,2,3.9,0,0,533.33,800.0,5.4,4800,3200.0,6.0,2560000,4.0
3,3.0,2247,866,98109,1725000,13,1,2,4.9,1,0,749.0,749.0,0.3854,6741,6741.0,9.0,5049009,9.0
3,2.0,1286,870,98136,738000,33,1,1,4.3,1,0,428.67,643.0,0.6765,3858,2572.0,6.0,1653796,4.0
3,2.0,1990,8710,98146,730000,66,1,2,7.2,0,0,663.33,995.0,4.3769,5970,3980.0,6.0,3960100,4.0
3,2.0,1060,8910,98106,575000,73,2,0,6.3,0,0,353.33,530.0,8.4057,3180,2120.0,6.0,1123600,4.0
3,2.0,1400,8910,98106,530000,79,1,2,3.2,0,1,466.67,700.0,6.3643,4200,2800.0,6.0,1960000,4.0
3,1.0,2560,8927,98125,776000,76,3,1,3.9,1,0,853.33,2560.0,3.4871,7680,2560.0,3.0,6553600,1.0
3,2.0,1590,8937,98106,720000,44,1,1,5.3,1,0,530.0,795.0,5.6208,4770,3180.0,6.0,2528100,4.0
3,1.5,1430,8992,98168,438000,16,1,2,5.0,0,0,476.67,953.33,6.2881,4290,2145.0,4.5,2044900,2.25
3,2.0,2029,400752,98115,685000,67,2,1,4.1,0,0,676.33,1014.5,197.5121,6087,4058.0,6.0,4116841,4.0
3,2.0,1606,900,98109,1450000,64,2,1,7.4,0,0,535.33,803.0,0.5604,4818,3212.0,6.0,2579236,4.0
3,1.5,998,904,98117,610000,79,3,1,5.8,1,0,332.67,665.33,0.9058,2994,1497.0,4.5,996004,2.25
3,3.5,1670,905,98107,1115000,52,3,2,5.9,1,0,556.67,477.14,0.5419,5010,5845.0,10.5,2788900,12.25
3,1.0,1964,9050,98168,625000,11,3,2,4.8,0,0,654.67,1964.0,4.6079,5892,1964.0,3.0,3857296,1.0
3,2.0,1440,9065,98133,830000,40,2,2,6.2,0,0,480.0,720.0,6.2951,4320,2880.0,6.0,2073600,4.0
3,2.0,1590,910,98117,910000,35,1,2,5.1,0,0,530.0,795.0,0.5723,4770,3180.0,6.0,2528100,4.0
3,2.5,2600,9100,98146,875000,67,1,1,5.2,0,0,866.67,1040.0,3.5,7800,6500.0,7.5,6760000,6.25
3,1.5,1280,9100,98146,625000,31,1,2,6.1,1,0,426.67,853.33,7.1094,3840,1920.0,4.5,1638400,2.25
3,3.0,1480,9127,98117,729000,26,1,2,3.8,1,0,493.33,493.33,6.1669,4440,4440.0,9.0,2190400,9.0
3,2.5,1360,916,98112,805000,6,1,0,7.0,0,0,453.33,544.0,0.6735,4080,3400.0,7.5,1849600,6.25
3,1.0,1200,9180,98168,500000,66,1,2,5.6,0,0,400.0,1200.0,7.65,3600,1200.0,3.0,1440000,1.0
3,2.5,1270,924,98144,675000,60,1,1,6.7,0,0,423.33,508.0,0.7276,3810,3175.0,7.5,1612900,6.25
3,2.0,2140,9290,98133,925000,3,2,1,4.4,0,0,713.33,1070.0,4.3411,6420,4280.0,6.0,4579600,4.0
3,1.5,1390,9350,98168,412000,34,1,1,4.5,0,0,463.33,926.67,6.7266,4170,2085.0,4.5,1932100,2.25
3,2.5,1330,936,98107,819999,38,3,1,4.3,1,0,443.33,532.0,0.7038,3990,3325.0,7.5,1768900,6.25
3,2.0,1449,939,98107,720000,37,1,3,5.7,1,0,483.0,724.5,0.648,4347,2898.0,6.0,2099601,4.0
3,1.0,1920,9399,98117,725000,73,3,1,5.5,0,0,640.0,1920.0,4.8953,5760,1920.0,3.0,3686400,1.0
3,3.0,2320,9465,98125,675000,12,2,1,5.0,1,0,773.33,773.33,4.0797,6960,6960.0,9.0,5382400,9.0
3,2.5,4240,9487,98116,2725000,24,1,1,4.4,1,0,1413.33,1696.0,2.2375,12720,10600.0,7.5,17977600,6.25
3,2.0,2630,9702,98117,1290000,14,1,3,4.2,0,0,876.67,1315.0,3.689,7890,5260.0,6.0,6916900,4.0
3,4.0,2220,974,98109,1650000,19,2,1,5.4,0,0,740.0,555.0,0.4387,6660,8880.0,12.0,4928400,16.0
3,2.0,1170,979,98144,740000,72,2,1,5.0,0,0,390.0,585.0,0.8368,3510,2340.0,6.0,1368900,4.0
3,3.5,1370,982,98117,699500,75,1,1,4.8,1,0,456.67,391.43,0.7168,4110,4795.0,10.5,1876900,12.25
3,2.5,1370,982,98117,699500,3,2,1,7.0,0,0,456.67,548.0,0.7168,4110,3425.0,7.5,1876900,6.25
3,1.0,1000,9856,98136,750000,50,3,1,5.4,0,0,333.33,1000.0,9.856,3000,1000.0,3.0,1000000,1.0
3,3.5,1621,987,98109,1085000,18,1,3,6.7,0,0,540.33,463.14,0.6089,4863,5673.5,10.5,2627641,12.25
3,2.5,2080,9880,98117,977000,15,1,2,4.9,0,0,693.33,832.0,4.75,6240,5200.0,7.5,4326400,6.25
3,2.0,1514,990,98107,915000,23,1,1,5.7,0,0,504.67,757.0,0.6539,4542,3028.0,6.0,2292196,4.0
3,2.5,2920,9918,98133,985000,15,3,2,5.4,1,0,973.33,1168.0,3.3966,8760,7300.0,7.5,8526400,6.25
3,2.0,1540,993,98122,900000,39,2,1,3.8,0,0,513.33,770.0,0.6448,4620,3080.0,6.0,2371600,4.0
3,1.5,1870,9975,98168,500000,79,3,0,6.9,0,0,623.33,1246.67,5.3342,5610,2805.0,4.5,3496900,2.25
4,1.5,1920,10455,98125,850000,46,3,3,5.5,1,0,480.0,1280.0,5.4453,7680,2880.0,6.0,3686400,2.25
4,3.0,2110,10455,98133,760000,57,1,3,6.3,0,0,527.5,703.33,4.955,8440,6330.0,12.0,4452100,9.0
4,3.5,4990,10890,98112,4815000,39,1,3,4.8,0,0,1247.5,1425.71,2.1824,19960,17465.0,14.0,24900100,12.25
4,2.0,2280,10890,98168,625000,1,1,2,5.4,0,0,570.0,1140.0,4.7763,9120,4560.0,8.0,5198400,4.0
4,2.5,2580,11326,98146,1635000,6,1,2,4.7,0,0,645.0,1032.0,4.3899,10320,6450.0,10.0,6656400,6.25
4,3.5,3490,11762,98115,1480000,21,3,2,6.8,0,0,872.5,997.14,3.3702,13960,12215.0,14.0,12180100,12.25
4,1.0,1600,11762,98115,652000,19,3,2,5.9,1,0,400.0,1600.0,7.3512,6400,1600.0,4.0,2560000,1.0
4,3.5,3956,12633,98125,3200000,67,1,2,6.0,0,0,989.0,1130.29,3.1934,15824,13846.0,14.0,15649936,12.25
4,5.0,3660,12633,98118,2695000,67,2,1,7.0,0,0,915.0,732.0,3.4516,14640,18300.0,20.0,13395600,25.0
4,3.0,2470,12633,98115,1180000,68,2,2,6.8,0,0,617.5,823.33,5.1146,9880,7410.0,12.0,6100900,9.0
4,2.5,3080,13068,98117,1650000,51,1,3,6.4,1,0,770.0,1232.0,4.2429,12320,7700.0,10.0,9486400,6.25
4,3.5,1632,13068,98136,825000,44,3,1,4.2,0,0,408.0,466.29,8.0074,6528,5712.0,14.0,2663424,12.25
4,2.0,2240,13504,98106,915000,51,3,2,4.9,1,1,560.0,1120.0,6.0286,8960,4480.0,8.0,5017600,4.0
4,1.0,2470,13504,98178,770000,32,2,2,4.6,0,0,617.5,2470.0,5.4672,9880,2470.0,4.0,6100900,1.0
4,3.5,3840,13940,98118,1250000,53,2,2,6.3,0,0,960.0,1097.14,3.6302,15360,13440.0,14.0,14745600,12.25
4,3.0,3090,14811,98168,210000,63,1,3,5.8,0,0,772.5,1030.0,4.7932,12360,9270.0,12.0,9548100,9.0
4,3.0,2790,15246,98133,965000,61,2,2,4.2,0,0,697.5,930.0,5.4645,11160,8370.0,12.0,7784100,9.0
4,2.5,2052,16553,98178,865000,49,1,1,5.4,0,0,513.0,820.8,8.0668,8208,5130.0,10.0,4210704,6.25
4,3.5,3040,16989,98177,1495000,4,3,2,4.1,1,0,760.0,868.57,5.5885,12160,10640.0,14.0,9241600,12.25
4,2.0,1920,17860,98118,1210000,57,1,3,5.5,0,0,480.0,960.0,9.3021,7680,3840.0,8.0,3686400,4.0
4,5.5,3530,19167,98118,1550000,29,1,2,3.9,0,0,882.5,641.82,5.4297,14120,19415.0,22.0,12460900,30.25
4,3.5,3060,41818,98136,3931000,59,3,2,6.1,0,0,765.0,874.29,13.666,12240,10710.0,14.0,9363600,12.25
4,3.5,2031,43560,98117,1480000,43,1,1,6.0,0,0,507.75,580.29,21.4476,8124,7108.5,14.0,4124961,12.25
4,3.0,2067,43560,98122,1074900,70,1,3,7.5,0,0,516.75,689.0,21.074,8268,6201.0,12.0,4272489,9.0
4,2.5,3840,52272,98177,2195000,27,2,2,6.4,0,0,960.0,1536.0,13.6125,15360,9600.0,10.0,14745600,6.25
4,2.0,1742,54450,98105,781000,74,1,2,5.2,0,0,435.5,871.0,31.2572,6968,3484.0,8.0,3034564,4.0
4,2.0,1450,1000,98109,1185000,67,2,3,6.4,0,0,362.5,725.0,0.6897,5800,2900.0,8.0,2102500,4.0
4,3.0,1890,1097,98144,699000,26,1,2,4.2,0,0,472.5,630.0,0.5804,7560,5670.0,12.0,3572100,9.0
4,2.5,1822,1500,98199,1033000,38,1,2,4.6,0,0,455.5,728.8,0.8233,7288,4555.0,10.0,3319684,6.25
4,3.5,2000,1532,98115,870000,42,3,2,5.9,0,0,500.0,571.43,0.766,8000,7000.0,14.0,4000000,12.25
4,3.5,1909,1544,98103,1500000,61,1,2,3.4,0,0,477.25,545.43,0.8088,7636,6681.5,14.0,3644281,12.25
4,2.5,1544,1562,98117,889000,55,1,4,5.6,1,0,386.0,617.6,1.0117,6176,3860.0,10.0,2383936,6.25
4,3.5,1989,1607,98117,980000,68,2,2,4.6,0,1,497.25,568.29,0.8079,7956,6961.5,14.0,3956121,12.25
4,2.5,1812,1632,98136,825000,29,3,2,5.7,1,0,453.0,724.8,0.9007,7248,4530.0,10.0,3283344,6.25
4,3.5,1835,1750,98103,1299950,40,1,2,4.5,0,0,458.75,524.29,0.9537,7340,6422.5,14.0,3367225,12.25
4,3.5,2285,1792,98116,1500000,34,2,1,6.0,0,0,571.25,652.86,0.7842,9140,7997.5,14.0,5221225,12.25
4,2.5,1420,1800,98103,760000,72,2,3,5.6,0,0,355.0,568.0,1.2676,5680,3550.0,10.0,2016400,6.25
4,2.5,1881,1881,98133,870000,24,2,2,7.0,0,0,470.25,752.4,1.0,7524,4702.5,10.0,3538161,6.25
4,3.5,1835,1884,98103,1299950,46,1,2,5.6,1,1,458.75,524.29,1.0267,7340,6422.5,14.0,3367225,12.25
4,3.5,2015,1886,98116,1240000,9,3,3,4.8,1,0,503.75,575.71,0.936,8060,7052.5,14.0,4060225,12.25
4,3.0,2074,1999,98126,812500,68,2,2,5.4,0,0,518.5,691.33,0.9638,8296,6222.0,12.0,4301476,9.0
4,2.0,2870,98882,98168,703500,30,3,2,4.3,0,0,717.5,1435.0,34.4537,11480,5740.0,8.0,8236900,4.0
4,2.0,2440,2168,98122,1060000,27,1,2,6.0,0,0,610.0,1220.0,0.8885,9760,4880.0,8.0,5953600,4.0
4,2.0,1980,2242,98136,785000,46,3,2,6.2,0,0,495.0,990.0,1.1323,7920,3960.0,8.0,3920400,4.0
4,3.0,1900,2256,98103,1150000,39,2,2,8.1,1,1,475.0,633.33,1.1874,7600,5700.0,12.0,3610000,9.0
4,2.0,1660,2280,98103,1127500,67,1,2,5.0,0,0,415.0,830.0,1.3735,6640,3320.0,8.0,2755600,4.0
4,2.5,1600,2336,98105,699000,42,3,3,5.3,0,0,400.0,640.0,1.46,6400,4000.0,10.0,2560000,6.25
4,2.5,1544,2352,98117,850000,41,2,2,5.0,1,0,386.0,617.6,1.5233,6176,3860.0,10.0,2383936,6.25
4,3.5,2336,2392,98115,975000,8,1,2,5.8,1,0,584.0,667.43,1.024,9344,8176.0,14.0,5456896,12.25
4,2.5,1560,2400,98144,1110000,1,2,2,6.0,0,1,390.0,624.0,1.5385,6240,3900.0,10.0,2433600,6.25
4,3.5,2011,2421,98136,1130000,31,1,3,5.5,0,0,502.75,574.57,1.2039,8044,7038.5,14.0,4044121,12.25
4,2.5,1939,2499,98107,1025000,79,2,2,6.7,1,0,484.75,775.6,1.2888,7756,4847.5,10.0,3759721,6.25
4,3.5,2270,2500,98146,710000,73,3,2,5.0,0,0,567.5,648.57,1.1013,9080,7945.0,14.0,5152900,12.25
4,2.0,1680,2600,98107,930000,50,3,2,6.6,0,0,420.0,840.0,1.5476,6720,3360.0,8.0,2822400,4.0
4,2.5,1760,2670,98144,925000,50,1,2,6.1,0,0,440.0,704.0,1.517,7040,4400.0,10.0,3097600,6.25
4,1.0,2290,2703,98103,905000,31,3,2,5.6,1,0,572.5,2290.0,1.1803,9160,2290.0,4.0,5244100,1.0
4,3.5,2478,2761,98115,1580000,14,1,2,5.3,1,0,619.5,708.0,1.1142,9912,8673.0,14.0,6140484,12.25
4,2.0,1345,2808,98103,962000,0,2,3,8.0,1,0,336.25,672.5,2.0877,5380,2690.0,8.0,1809025,4.0
4,1.0,1720,2835,98122,543750,27,2,3,4.8,0,0,430.0,1720.0,1.6483,6880,1720.0,4.0,2958400,1.0
4,2.5,1850,2856,98108,945000,25,1,1,5.9,0,0,462.5,740.0,1.5438,7400,4625.0,10.0,3422500,6.25
4,2.5,2474,2970,98115,1725000,15,1,1,4.8,0,0,618.5,989.6,1.2005,9896,6185.0,10.0,6120676,6.25
4,2.5,1910,3000,98103,1625000,20,1,2,7.4,1,0,477.5,764.0,1.5707,7640,4775.0,10.0,3648100,6.25
4,3.0,2520,3000,98105,1025000,1,3,3,6.5,0,0,630.0,840.0,1.1905,10080,7560.0,12.0,6350400,9.0
4,2.5,1890,3000,98178,668000,48,1,1,4.9,0,0,472.5,756.0,1.5873,7560,4725.0,10.0,3572100,6.25
4,3.5,2720,3024,98102,1750000,74,1,2,6.1,1,0,680.0,777.14,1.1118,10880,9520.0,14.0,7398400,12.25
4,1.5,2770,3038,98119,850000,55,1,1,5.9,0,0,692.5,1846.67,1.0968,11080,4155.0,6.0,7672900,2.25
4,3.5,2400,3060,98103,1750000,35,1,2,5.1,1,0,600.0,685.71,1.275,9600,8400.0,14.0,5760000,12.25
4,2.5,2890,3060,98115,1650000,33,1,2,6.4,0,0,722.5,1156.0,1.0588,11560,7225.0,10.0,8352100,6.25
4,3.0,1540,3060,98105,1108000,24,1,2,6.0,1,0,385.0,513.33,1.987,6160,4620.0,12.0,2371600,9.0
4,2.5,1530,3060,98146,675000,11,1,2,5.8,0,0,382.5,612.0,2.0,6120,3825.0,10.0,2340900,6.25
4,3.5,2640,3062,98103,1750000,47,2,2,5.6,0,0,660.0,754.29,1.1598,10560,9240.0,14.0,6969600,12.25
4,3.0,1680,3080,98117,905000,45,1,2,6.0,0,0,420.0,560.0,1.8333,6720,5040.0,12.0,2822400,9.0
4,3.5,2852,3178,98102,1715000,0,2,1,5.8,0,0,713.0,814.86,1.1143,11408,9982.0,14.0,8133904,12.25
4,2.5,2400,3200,98109,1595000,33,2,2,5.7,0,0,600.0,960.0,1.3333,9600,6000.0,10.0,5760000,6.25
4,3.5,1824,3250,98103,1299000,22,2,2,5.0,0,0,456.0,521.14,1.7818,7296,6384.0,14.0,3326976,12.25
4,2.0,1710,3250,98117,1170000,13,1,3,7.3,0,0,427.5,855.0,1.9006,6840,3420.0,8.0,2924100,4.0
4,3.0,3020,3254,98106,1499000,56,1,1,4.5,1,0,755.0,1006.67,1.0775,12080,9060.0,12.0,9120400,9.0
4,2.5,1880,3300,98117,1050000,42,3,2,6.0,0,0,470.0,752.0,1.7553,7520,4700.0,10.0,3534400,6.25
4,2.0,2037,3326,98119,1247500,50,3,2,5.3,1,0,509.25,1018.5,1.6328,8148,4074.0,8.0,4149369,4.0
4,3.0,1500,3360,98122,1155000,57,2,1,7.4,1,0,375.0,500.0,2.24,6000,4500.0,12.0,2250000,9.0
4,2.5,2213,3367,98107,1075000,78,1,2,4.7,0,0,553.25,885.2,1.5215,8852,5532.5,10.0,4897369,6.25
4,3.5,3180,3375,98122,2485000,64,1,2,4.9,1,0,795.0,908.57,1.0613,12720,11130.0,14.0,10112400,12.25
4,3.0,1620,3380,98117,950000,49,1,3,4.6,0,0,405.0,540.0,2.0864,6480,4860.0,12.0,2624400,9.0
4,3.5,2670,3405,98118,1022700,70,1,3,5.9,0,0,667.5,762.86,1.2753,10680,9345.0,14.0,7128900,12.25
4,2.5,2172,3431,98105,975000,38,3,1,4.2,0,0,543.0,868.8,1.5797,8688,5430.0,10.0,4717584,6.25
4,2.0,2570,3440,98112,850000,78,1,3,5.1,1,0,642.5,1285.0,1.3385,10280,5140.0,8.0,6604900,4.0
4,3.5,2910,3491,98115,2325000,60,1,1,3.4,0,0,727.5,831.43,1.1997,11640,10185.0,14.0,8468100,12.25
4,2.5,2390,3570,98115,1350000,52,3,3,5.8,0,0,597.5,956.0,1.4937,9560,5975.0,10.0,5712100,6.25
4,2.0,1850,3570,98105,1200000,72,2,3,5.1,1,0,462.5,925.0,1.9297,7400,3700.0,8.0,3422500,4.0
4,4.0,2300,3589,98105,1440000,41,1,1,4.1,0,0,575.0,575.0,1.5604,9200,9200.0,16.0,5290000,16.0
4,4.5,3228,3600,98119,2050000,57,1,2,6.7,1,0,807.0,717.33,1.1152,12912,14526.0,18.0,10419984,20.25
4,3.5,3018,3600,98103,1795000,22,2,2,4.3,1,0,754.5,862.29,1.1928,12072,10563.0,14.0,9108324,12.25
4,2.0,2270,3600,98119,1335000,77,2,2,6.4,1,0,567.5,1135.0,1.5859,9080,4540.0,8.0,5152900,4.0
4,3.0,2390,3600,98119,1300000,49,3,2,4.9,1,0,597.5,796.67,1.5063,9560,7170.0,12.0,5712100,9.0
4,2.0,2100,3600,98116,1225000,62,3,3,7.2,1,0,525.0,1050.0,1.7143,8400,4200.0,8.0,4410000,4.0
4,2.5,2370,3600,98146,750000,36,3,2,6.3,0,0,592.5,948.0,1.519,9480,5925.0,10.0,5616900,6.25
4,2.5,2980,3618,98125,1445000,69,1,2,4.6,1,0,745.0,1192.0,1.2141,11920,7450.0,10.0,8880400,6.25
4,2.0,2420,3680,98126,948750,5,1,3,4.7,1,0,605.0,1210.0,1.5207,9680,4840.0,8.0,5856400,4.0
4,2.0,2260,3750,98107,1330000,9,2,2,6.2,0,0,565.0,1130.0,1.6593,9040,4520.0,8.0,5107600,4.0
4,3.5,2970,3751,98103,2080000,40,1,2,5.3,0,0,742.5,848.57,1.263,11880,10395.0,14.0,8820900,12.25
4,2.0,1840,3760,98103,825000,58,1,2,5.4,1,0,460.0,920.0,2.0435,7360,3680.0,8.0,3385600,4.0
4,2.5,2220,3770,98144,1235000,64,1,1,6.9,0,0,555.0,888.0,1.6982,8880,5550.0,10.0,4928400,6.25
4,3.0,2040,3783,98107,950000,35,3,2,4.9,0,0,510.0,680.0,1.8544,8160,6120.0,12.0,4161600,9.0
4,3.5,2520,3821,98199,1765000,51,1,2,5.7,0,0,630.0,720.0,1.5163,10080,8820.0,14.0,6350400,12.25
4,1.0,1340,3825,98117,875000,44,1,2,6.6,0,0,335.0,1340.0,2.8545,5360,1340.0,4.0,1795600,1.0
4,2.0,2640,3840,98122,700000,76,1,3,6.4,1,0,660.0,1320.0,1.4545,10560,5280.0,8.0,6969600,4.0
4,2.0,2080,3850,98105,975000,52,1,2,5.4,0,0,520.0,1040.0,1.851,8320,4160.0,8.0,4326400,4.0
4,3.0,2370,3880,98115,1830000,33,2,3,5.3,1,0,592.5,790.0,1.6371,9480,7110.0,12.0,5616900,9.0
4,3.5,2600,3900,98122,2225000,77,1,3,3.9,1,0,650.0,742.86,1.5,10400,9100.0,14.0,6760000,12.25
4,2.0,1770,3920,98115,1425000,8,3,2,4.5,0,0,442.5,885.0,2.2147,7080,3540.0,8.0,3132900,4.0
4,2.0,1488,3920,98115,750000,78,1,2,5.9,1,0,372.0,744.0,2.6344,5952,2976.0,8.0,2214144,4.0
4,2.5,2280,3932,98106,1065000,12,2,3,5.5,0,1,570.0,912.0,1.7246,9120,5700.0,10.0,5198400,6.25
4,3.5,3815,3960,98116,2895000,23,2,2,5.7,1,0,953.75,1090.0,1.038,15260,13352.5,14.0,14554225,12.25
4,3.5,3930,4000,98102,2925000,65,2,2,6.6,1,0,982.5,1122.86,1.0178,15720,13755.0,14.0,15444900,12.25
4,3.5,3590,4000,98109,2900000,58,2,2,4.4,0,0,897.5,1025.71,1.1142,14360,12565.0,14.0,12888100,12.25
4,3.0,2970,4000,98102,1950000,77,1,1,5.4,1,0,742.5,990.0,1.3468,11880,8910.0,12.0,8820900,9.0
4,3.5,2600,4000,98117,1950000,59,2,1,5.8,0,0,650.0,742.86,1.5385,10400,9100.0,14.0,6760000,12.25
4,3.5,2910,4000,98144,1865000,50,2,2,4.9,0,1,727.5,831.43,1.3746,11640,10185.0,14.0,8468100,12.25
4,3.0,2480,4000,98103,1605000,27,3,2,7.0,1,0,620.0,826.67,1.6129,9920,7440.0,12.0,6150400,9.0
4,4.0,3040,4000,98119,1585000,0,2,4,6.5,0,0,760.0,760.0,1.3158,12160,12160.0,16.0,9241600,16.0
4,4.0,2555,4000,98105,1500000,9,2,1,5.9,0,0,638.75,638.75,1.5656,10220,10220.0,16.0,6528025,16.0
4,2.0,2160,4000,98122,1400000,23,3,1,7.4,0,0,540.0,1080.0,1.8519,8640,4320.0,8.0,4665600,4.0
4,3.0,1830,4000,98107,1352000,3,2,2,4.1,0,0,457.5,610.0,2.1858,7320,5490.0,12.0,3348900,9.0
4,2.0,2352,4000,98107,1295000,40,3,3,5.6,1,0,588.0,1176.0,1.7007,9408,4704.0,8.0,5531904,4.0
4,3.0,2940,4000,98126,1250000,62,1,2,6.0,0,0,735.0,980.0,1.3605,11760,8820.0,12.0,8643600,9.0
4,3.5,3010,4000,98106,985000,77,1,2,4.7,0,0,752.5,860.0,1.3289,12040,10535.0,14.0,9060100,12.25
4,3.5,2780,4000,98112,950000,39,1,1,5.9,0,0,695.0,794.29,1.4388,11120,9730.0,14.0,7728400,12.25
4,3.5,2840,4000,98108,925000,70,1,2,4.5,1,0,710.0,811.43,1.4085,11360,9940.0,14.0,8065600,12.25
4,2.0,1470,4000,98118,460000,78,1,1,6.3,0,0,367.5,735.0,2.7211,5880,2940.0,8.0,2160900,4.0
4,3.0,2478,4001,98105,2095000,68,1,1,6.7,0,0,619.5,826.0,1.6146,9912,7434.0,12.0,6140484,9.0
4,2.0,2440,4002,98144,1116000,37,1,2,5.9,0,0,610.0,1220.0,1.6402,9760,4880.0,8.0,5953600,4.0
4,2.5,2500,4046,98117,1295000,26,1,1,3.7,0,0,625.0,1000.0,1.6184,10000,6250.0,10.0,6250000,6.25
4,3.5,3495,4080,98144,2000000,78,2,1,4.6,1,0,873.75,998.57,1.1674,13980,12232.5,14.0,12215025,12.25
4,3.5,2560,4080,98144,1325000,19,3,2,6.2,0,1,640.0,731.43,1.5938,10240,8960.0,14.0,6553600,12.25
4,1.5,1300,4080,98122,975000,32,3,2,5.6,0,0,325.0,866.67,3.1385,5200,1950.0,6.0,1690000,2.25
4,3.5,2661,4081,98108,1165000,5,1,2,2.9,1,0,665.25,760.29,1.5336,10644,9313.5,14.0,7080921,12.25
4,3.5,2600,4101,98108,1060000,63,1,2,6.8,0,0,650.0,742.86,1.5773,10400,9100.0,14.0,6760000,12.25
4,3.5,2191,4120,98103,1394600,51,2,3,5.7,0,0,547.75,626.0,1.8804,8764,7668.5,14.0,4800481,12.25
4,2.0,2040,4178,98112,1175000,6,1,2,4.8,0,0,510.0,1020.0,2.048,8160,4080.0,8.0,4161600,4.0
4,3.0,2860,4182,98103,1600000,17,2,3,6.6,0,0,715.0,953.33,1.4622,11440,8580.0,12.0,8179600,9.0
4,2.0,2600,4224,98117,1098500,44,1,2,4.9,1,0,650.0,1300.0,1.6246,10400,5200.0,8.0,6760000,4.0
4,2.0,1160,4224,98103,710000,43,1,2,4.9,1,0,290.0,580.0,3.6414,4640,2320.0,8.0,1345600,4.0
4,2.0,1720,4242,98118,705000,64,2,2,6.0,1,0,430.0,860.0,2.4663,6880,3440.0,8.0,2958400,4.0
4,2.0,2010,4275,98115,1100000,21,1,2,7.4,1,0,502.5,1005.0,2.1269,8040,4020.0,8.0,4040100,4.0
4,4.0,3463,4304,98112,2050000,73,1,2,7.2,0,1,865.75,865.75,1.2429,13852,13852.0,16.0,11992369,16.0
4,3.5,3190,4305,98107,2130000,35,2,2,6.0,0,0,797.5,911.43,1.3495,12760,11165.0,14.0,10176100,12.25
4,3.0,2050,4362,98136,920000,65,1,2,6.1,0,0,512.5,683.33,2.1278,8200,6150.0,12.0,4202500,9.0
4,2.0,1640,4400,98136,730000,19,2,2,6.4,1,0,410.0,820.0,2.6829,6560,3280.0,8.0,2689600,4.0
4,2.0,2500,4414,98144,972500,2,1,2,4.3,1,0,625.0,1250.0,1.7656,10000,5000.0,8.0,6250000,4.0
4,2.0,1500,4471,98133,947000,4,1,2,6.2,0,0,375.0,750.0,2.9807,6000,3000.0,8.0,2250000,4.0
4,3.0,2570,4480,98105,1555000,29,2,2,4.9,1,0,642.5,856.67,1.7432,10280,7710.0,12.0,6604900,9.0
4,2.5,2840,4480,98105,1200000,76,1,1,5.9,1,0,710.0,1136.0,1.5775,11360,7100.0,10.0,8065600,6.25
4,3.0,2980,4480,98105,1090000,3,2,3,5.4,1,0,745.0,993.33,1.5034,11920,8940.0,12.0,8880400,9.0
4,4.5,3610,4500,98112,2800000,29,2,2,6.1,1,0,902.5,802.22,1.2465,14440,16245.0,18.0,13032100,20.25
4,3.5,2960,4500,98103,1700000,8,3,1,5.7,0,0,740.0,845.71,1.5203,11840,10360.0,14.0,8761600,12.25
4,2.5,2630,4500,98122,1340000,74,1,2,2.5,0,0,657.5,1052.0,1.711,10520,6575.0,10.0,6916900,6.25
4,1.0,1850,4500,98118,600000,54,2,2,5.8,0,0,462.5,1850.0,2.4324,7400,1850.0,4.0,3422500,1.0
4,2.0,2380,4500,98144,525000,61,3,1,6.2,0,0,595.0,1190.0,1.8908,9520,4760.0,8.0,5664400,4.0
4,3.5,2304,4503,98103,1550000,57,2,3,6.0,1,0,576.0,658.29,1.9544,9216,8064.0,14.0,5308416,12.25
4,3.0,2840,4550,98122,1399990,52,1,2,5.5,0,0,710.0,946.67,1.6021,11360,8520.0,12.0,8065600,9.0
4,2.0,2340,4560,98103,1800000,61,2,2,7.2,0,0,585.0,1170.0,1.9487,9360,4680.0,8.0,5475600,4.0
4,2.0,1440,4560,98126,760000,0,1,2,5.9,0,0,360.0,720.0,3.1667,5760,2880.0,8.0,2073600,4.0
4,2.5,3060,4590,98115,1450000,69,2,3,6.0,0,1,765.0,1224.0,1.5,12240,7650.0,10.0,9363600,6.25
4,2.5,2190,4590,98136,1075000,59,1,2,6.6,0,0,547.5,876.0,2.0959,8760,5475.0,10.0,4796100,6.25
4,3.0,2380,4635,98115,1399999,59,2,1,6.0,0,0,595.0,793.33,1.9475,9520,7140.0,12.0,5664400,9.0
4,3.0,2320,4640,98112,1472500,31,2,2,4.7,1,0,580.0,773.33,2.0,9280,6960.0,12.0,5382400,9.0
4,3.0,1180,4650,98117,956300,64,1,2,3.2,0,0,295.0,393.33,3.9407,4720,3540.0,12.0,1392400,9.0
4,3.5,3240,4680,98112,1995000,30,2,3,5.1,0,0,810.0,925.71,1.4444,12960,11340.0,14.0,10497600,12.25
4,2.0,2540,4700,98107,1280000,3,3,2,6.4,0,0,635.0,1270.0,1.8504,10160,5080.0,8.0,6451600,4.0
4,2.0,2900,4700,98144,1275000,72,1,1,5.2,0,0,725.0,1450.0,1.6207,11600,5800.0,8.0,8410000,4.0
4,2.0,1760,4700,98115,999950,18,1,2,6.4,1,0,440.0,880.0,2.6705,7040,3520.0,8.0,3097600,4.0
4,2.0,2820,4764,98117,1441000,8,3,3,5.7,1,0,705.0,1410.0,1.6894,11280,5640.0,8.0,7952400,4.0
4,3.5,2980,4800,98112,2400000,49,1,3,6.9,0,0,745.0,851.43,1.6107,11920,10430.0,14.0,8880400,12.25
4,2.0,2570,4800,98103,1495000,18,1,3,5.3,1,0,642.5,1285.0,1.8677,10280,5140.0,8.0,6604900,4.0
4,1.0,2080,4845,98117,800000,68,2,1,6.1,1,0,520.0,2080.0,2.3293,8320,2080.0,4.0,4326400,1.0
4,2.0,2100,4864,98117,950000,35,1,3,6.1,0,0,525.0,1050.0,2.3162,8400,4200.0,8.0,4410000,4.0
4,4.0,2850,4900,98105,1755000,0,3,2,7.1,0,0,712.5,712.5,1.7193,11400,11400.0,16.0,8122500,16.0
4,2.0,2140,4947,98136,960000,76,1,2,3.9,0,0,535.0,1070.0,2.3117,8560,4280.0,8.0,4579600,4.0
4,2.0,1750,4950,98105,1025000,41,3,1,5.1,1,0,437.5,875.0,2.8286,7000,3500.0,8.0,3062500,4.0
4,2.0,1545,4963,98103,1253000,21,1,2,6.4,0,0,386.25,772.5,3.2123,6180,3090.0,8.0,2387025,4.0
4,2.0,1630,4982,98116,942000,54,2,2,7.1,0,0,407.5,815.0,3.0564,6520,3260.0,8.0,2656900,4.0
4,5.5,2867,4983,98115,1750000,42,2,3,5.8,1,1,716.75,521.27,1.7381,11468,15768.5,22.0,8219689,30.25
4,3.5,4006,5000,98199,2940000,2,1,2,5.3,1,0,1001.5,1144.57,1.2481,16024,14021.0,14.0,16048036,12.25
4,3.5,4002,5000,98116,2100000,60,1,2,6.4,1,0,1000.5,1143.43,1.2494,16008,14007.0,14.0,16016004,12.25
4,4.5,2440,5000,98105,1900000,32,2,1,6.5,1,0,610.0,542.22,2.0492,9760,10980.0,18.0,5953600,20.25
4,2.5,2380,5000,98105,1900000,55,2,2,5.2,0,0,595.0,952.0,2.1008,9520,5950.0,10.0,5664400,6.25
4,3.5,2950,5000,98105,1800000,71,2,2,5.9,1,0,737.5,842.86,1.6949,11800,10325.0,14.0,8702500,12.25
4,4.5,4790,5000,98144,1750000,48,1,3,6.8,0,0,1197.5,1064.44,1.0438,19160,21555.0,18.0,22944100,20.25
4,2.5,3198,5000,98103,1712000,53,2,3,7.5,0,0,799.5,1279.2,1.5635,12792,7995.0,10.0,10227204,6.25
4,2.5,2550,5000,98115,1560000,20,3,3,6.3,1,0,637.5,1020.0,1.9608,10200,6375.0,10.0,6502500,6.25
4,2.0,2880,5000,98103,1485000,19,1,2,5.6,0,0,720.0,1440.0,1.7361,11520,5760.0,8.0,8294400,4.0
4,2.0,2352,5000,98199,1450000,33,1,0,5.5,0,0,588.0,1176.0,2.1259,9408,4704.0,8.0,5531904,4.0
4,3.0,2040,5000,98117,1410000,68,1,1,6.2,0,0,510.0,680.0,2.451,8160,6120.0,12.0,4161600,9.0
4,2.0,2370,5000,98115,1350000,41,3,3,5.5,0,0,592.5,1185.0,2.1097,9480,4740.0,8.0,5616900,4.0
4,4.0,3360,5000,98107,1200000,27,1,2,5.8,0,0,840.0,840.0,1.4881,13440,13440.0,16.0,11289600,16.0
4,2.0,1780,5000,98117,1181500,62,1,2,4.5,0,0,445.0,890.0,2.809,7120,3560.0,8.0,3168400,4.0
4,2.0,3542,5000,98144,1150000,68,2,3,6.9,1,0,885.5,1771.0,1.4116,14168,7084.0,8.0,12545764,4.0
4,3.0,1400,5000,98107,1000000,72,1,3,4.5,1,0,350.0,466.67,3.5714,5600,4200.0,12.0,1960000,9.0
4,1.5,2080,5000,98116,950000,23,2,2,5.2,0,0,520.0,1386.67,2.4038,8320,3120.0,6.0,4326400,2.25
4,2.0,1460,5000,98116,787500,56,2,2,5.7,0,0,365.0,730.0,3.4247,5840,2920.0,8.0,2131600,4.0
4,2.5,1806,5000,98118,745000,47,2,2,7.6,1,0,451.5,722.4,2.7685,7224,4515.0,10.0,3261636,6.25
4,2.5,2320,5001,98118,820000,35,2,2,5.2,0,0,580.0,928.0,2.1556,9280,5800.0,10.0,5382400,6.25
4,3.0,1780,5005,98117,1184000,31,2,3,4.9,0,0,445.0,593.33,2.8118,7120,5340.0,12.0,3168400,9.0
4,3.5,3070,5016,98144,1900000,9,2,2,5.0,0,1,767.5,877.14,1.6339,12280,10745.0,14.0,9424900,12.25
4,3.0,2340,5023,98108,780000,21,3,2,7.3,0,0,585.0,780.0,2.1466,9360,7020.0,12.0,5475600,9.0
4,3.5,2900,5040,98107,1600000,43,1,3,2.8,0,0,725.0,828.57,1.7379,11600,10150.0,14.0,8410000,12.25
4,2.0,2240,5043,98106,750000,70,1,1,4.6,1,0,560.0,1120.0,2.2513,8960,4480.0,8.0,5017600,4.0
4,1.0,1810,5073,98126,655500,69,2,2,8.3,1,0,452.5,1810.0,2.8028,7240,1810.0,4.0,3276100,1.0
4,2.0,2060,5080,98115,812500,15,1,2,6.2,0,1,515.0,1030.0,2.466,8240,4120.0,8.0,4243600,4.0
4,3.0,2660,5100,98117,1360000,54,3,0,4.5,0,0,665.0,886.67,1.9173,10640,7980.0,12.0,7075600,9.0
4,2.0,1810,5100,98117,945000,6,2,1,5.6,0,0,452.5,905.0,2.8177,7240,3620.0,8.0,3276100,4.0
4,2.0,2180,5100,98115,838000,54,2,1,5.7,0,0,545.0,1090.0,2.3394,8720,4360.0,8.0,4752400,4.0
4,5.0,2030,5124,98106,700000,27,1,2,6.4,1,1,507.5,406.0,2.5241,8120,10150.0,20.0,4120900,25.0
4,3.0,2190,5136,98126,860000,35,1,2,7.4,0,1,547.5,730.0,2.3452,8760,6570.0,12.0,4796100,9.0
4,2.5,2200,5146,98106,825000,57,1,2,6.0,1,0,550.0,880.0,2.3391,8800,5500.0,10.0,4840000,6.25
4,3.5,2627,5150,98118,1650000,33,2,3,5.1,0,0,656.75,750.57,1.9604,10508,9194.5,14.0,6901129,12.25
4,2.0,1910,5166,98106,685000,64,2,1,6.4,0,0,477.5,955.0,2.7047,7640,3820.0,8.0,3648100,4.0
4,3.0,3800,5175,98199,1950000,42,2,2,4.9,0,0,950.0,1266.67,1.3618,15200,11400.0,12.0,14440000,9.0
4,3.0,1960,5200,98136,1270000,79,3,2,4.6,0,0,490.0,653.33,2.6531,7840,5880.0,12.0,3841600,9.0
4,2.5,2240,5229,98117,1050000,51,3,2,3.8,1,0,560.0,896.0,2.3344,8960,5600.0,10.0,5017600,6.25
4,1.0,1420,5240,98178,445000,23,2,2,4.0,1,0,355.0,1420.0,3.6901,5680,1420.0,4.0,2016400,1.0
4,2.0,2660,5243,98115,1357000,62,1,1,4.7,0,0,665.0,1330.0,1.9711,10640,5320.0,8.0,7075600,4.0
4,3.0,2250,5250,98115,1150000,32,2,3,4.4,0,0,562.5,750.0,2.3333,9000,6750.0,12.0,5062500,9.0
4,2.0,2080,5250,98116,1098000,42,1,2,5.9,1,0,520.0,1040.0,2.524,8320,4160.0,8.0,4326400,4.0
4,2.0,3040,5272,98199,1665500,10,2,3,4.4,1,0,760.0,1520.0,1.7342,12160,6080.0,8.0,9241600,4.0
4,2.0,1870,5280,98199,1040000,9,2,2,2.5,0,0,467.5,935.0,2.8235,7480,3740.0,8.0,3496900,4.0
4,4.0,2550,5300,98117,1550000,45,1,3,4.6,0,0,637.5,637.5,2.0784,10200,10200.0,16.0,6502500,16.0
4,2.0,1350,5300,98106,700000,14,2,2,5.1,0,1,337.5,675.0,3.9259,5400,2700.0,8.0,1822500,4.0
4,3.0,2190,5350,98115,1490000,79,1,2,5.0,0,0,547.5,730.0,2.4429,8760,6570.0,12.0,4796100,9.0
4,2.0,1900,5350,98118,670000,68,2,2,7.1,0,0,475.0,950.0,2.8158,7600,3800.0,8.0,3610000,4.0
4,3.5,4194,5400,98112,3500000,56,1,2,5.0,0,0,1048.5,1198.29,1.2876,16776,14679.0,14.0,17589636,12.25
4,1.5,3030,5400,98112,1500000,58,1,2,6.5,0,0,757.5,2020.0,1.7822,12120,4545.0,6.0,9180900,2.25
4,2.0,2400,5400,98119,1385000,47,2,2,5.6,0,0,600.0,1200.0,2.25,9600,4800.0,8.0,5760000,4.0
4,4.0,2030,5400,98115,1349000,4,1,2,5.6,0,0,507.5,507.5,2.6601,8120,8120.0,16.0,4120900,16.0
4,2.0,2510,5460,98115,1025000,31,2,2,4.8,1,0,627.5,1255.0,2.1753,10040,5020.0,8.0,6300100,4.0
4,2.5,3190,5500,98102,1820000,39,2,3,5.5,0,0,797.5,1276.0,1.7241,12760,7975.0,10.0,10176100,6.25
4,2.0,2425,5500,98105,1295000,73,1,2,4.8,0,0,606.25,1212.5,2.268,9700,4850.0,8.0,5880625,4.0
4,1.5,2380,5500,98117,937000,17,1,3,5.8,0,0,595.0,1586.67,2.3109,9520,3570.0,6.0,5664400,2.25
4,2.0,1595,5500,98118,525000,39,1,2,5.4,0,0,398.75,797.5,3.4483,6380,3190.0,8.0,2544025,4.0
4,1.5,3200,5508,98117,1290000,27,1,2,4.7,1,0,800.0,2133.33,1.7212,12800,4800.0,6.0,10240000,2.25
4,5.5,3000,5520,98126,1484000,10,1,1,6.6,0,0,750.0,545.45,1.84,12000,16500.0,22.0,9000000,30.25
4,2.0,2390,5535,98105,1195000,8,2,2,6.0,0,0,597.5,1195.0,2.3159,9560,4780.0,8.0,5712100,4.0
4,1.5,3260,5568,98199,1695000,29,1,2,5.2,1,0,815.0,2173.33,1.708,13040,4890.0,6.0,10627600,2.25
4,3.0,2949,5580,98103,1610000,6,2,3,5.7,1,0,737.25,983.0,1.8922,11796,8847.0,12.0,8696601,9.0
4,3.0,2200,5586,98118,874999,5,1,2,5.5,1,0,550.0,733.33,2.5391,8800,6600.0,12.0,4840000,9.0
4,2.5,2750,5589,98112,1680000,28,3,3,4.7,0,0,687.5,1100.0,2.0324,11000,6875.0,10.0,7562500,6.25
4,3.0,2668,5589,98116,1213000,16,2,2,5.7,0,0,667.0,889.33,2.0948,10672,8004.0,12.0,7118224,9.0
4,3.5,3240,5600,98105,2675000,44,1,3,5.0,1,0,810.0,925.71,1.7284,12960,11340.0,14.0,10497600,12.25
4,2.0,1820,5600,98117,760000,1,2,2,4.7,0,0,455.0,910.0,3.0769,7280,3640.0,8.0,3312400,4.0
4,3.0,2740,5616,98115,1220000,24,1,3,4.0,1,0,685.0,913.33,2.0496,10960,8220.0,12.0,7507600,9.0
4,5.0,2240,5624,98108,965000,36,1,2,5.2,1,0,560.0,448.0,2.5107,8960,11200.0,20.0,5017600,25.0
4,1.0,1150,5665,98118,575000,77,3,2,6.2,0,0,287.5,1150.0,4.9261,4600,1150.0,4.0,1322500,1.0
4,4.0,2300,5700,98115,1210000,50,2,1,4.9,0,0,575.0,575.0,2.4783,9200,9200.0,16.0,5290000,16.0
4,3.0,3110,5715,98119,1500000,70,1,3,8.1,0,0,777.5,1036.67,1.8376,12440,9330.0,12.0,9672100,9.0
4,2.5,2730,5724,98146,1175000,27,1,2,6.5,0,0,682.5,1092.0,2.0967,10920,6825.0,10.0,7452900,6.25
4,2.5,2360,5725,98199,1750000,35,1,2,6.9,1,0,590.0,944.0,2.4258,9440,5900.0,10.0,5569600,6.25
4,2.0,2840,5750,98126,1175000,33,1,3,6.4,1,0,710.0,1420.0,2.0246,11360,5680.0,8.0,8065600,4.0
4,3.0,3320,5750,98116,750000,70,1,2,7.5,0,0,830.0,1106.67,1.7319,13280,9960.0,12.0,11022400,9.0
4,2.0,2220,5775,98144,740000,76,1,3,4.8,1,0,555.0,1110.0,2.6014,8880,4440.0,8.0,4928400,4.0
4,3.0,1810,5850,98116,1118000,76,2,1,3.0,0,0,452.5,603.33,3.232,7240,5430.0,12.0,3276100,9.0
4,3.5,2860,5880,98199,1657500,60,1,2,5.2,1,0,715.0,817.14,2.0559,11440,10010.0,14.0,8179600,12.25
4,2.0,2230,5940,98125,925000,40,3,2,6.2,0,0,557.5,1115.0,2.6637,8920,4460.0,8.0,4972900,4.0
4,2.0,2480,5996,98122,825000,43,2,1,5.8,1,0,620.0,1240.0,2.4177,9920,4960.0,8.0,6150400,4.0
4,2.5,3400,6000,98112,2100000,78,2,3,5.9,1,0,850.0,1360.0,1.7647,13600,8500.0,10.0,11560000,6.25
4,2.0,3325,6000,98199,1650000,22,1,2,6.9,0,0,831.25,1662.5,1.8045,13300,6650.0,8.0,11055625,4.0
4,4.0,3142,6000,98119,1600000,27,2,2,6.0,0,0,785.5,785.5,1.9096,12568,12568.0,16.0,9872164,16.0
4,3.5,3360,6000,98136,1575000,71,3,3,6.4,1,0,840.0,960.0,1.7857,13440,11760.0,14.0,11289600,12.25
4,2.0,2740,6000,98119,1400000,30,1,2,4.7,0,0,685.0,1370.0,2.1898,10960,5480.0,8.0,7507600,4.0
4,3.0,3335,6000,98115,1325000,18,2,2,4.5,1,0,833.75,1111.67,1.7991,13340,10005.0,12.0,11122225,9.0
4,2.0,1550,6000,98103,1325000,44,1,2,7.2,1,0,387.5,775.0,3.871,6200,3100.0,8.0,2402500,4.0
4,4.0,2650,6000,98103,1000000,26,2,3,5.7,1,0,662.5,662.5,2.2642,10600,10600.0,16.0,7022500,16.0
4,2.0,1830,6000,98136,950000,71,1,2,5.0,0,0,457.5,915.0,3.2787,7320,3660.0,8.0,3348900,4.0
4,1.0,1740,6000,98119,925000,72,2,2,5.0,0,0,435.0,1740.0,3.4483,6960,1740.0,4.0,3027600,1.0
4,4.0,2120,6000,98136,900000,24,1,3,5.0,1,0,530.0,530.0,2.8302,8480,8480.0,16.0,4494400,16.0
4,1.0,1310,6000,98146,735000,42,1,2,4.9,0,0,327.5,1310.0,4.5802,5240,1310.0,4.0,1716100,1.0
4,1.0,1340,6000,98144,685000,78,1,1,4.3,0,0,335.0,1340.0,4.4776,5360,1340.0,4.0,1795600,1.0
4,2.0,1910,6000,98168,630000,59,1,1,4.1,0,0,477.5,955.0,3.1414,7640,3820.0,8.0,3648100,4.0
4,2.5,2760,6001,98178,640000,17,1,3,5.4,1,0,690.0,1104.0,2.1743,11040,6900.0,10.0,7617600,6.25
4,2.0,2787,6011,98122,1207000,47,1,2,5.0,0,0,696.75,1393.5,2.1568,11148,5574.0,8.0,7767369,4.0
4,3.0,2466,6030,98115,1299000,49,1,2,6.7,0,0,616.5,822.0,2.4453,9864,7398.0,12.0,6081156,9.0
4,2.0,2680,6035,98177,950000,52,2,2,5.9,0,0,670.0,1340.0,2.2519,10720,5360.0,8.0,7182400,4.0
4,3.0,2311,6048,98115,1211000,2,2,2,5.9,1,0,577.75,770.33,2.617,9244,6933.0,12.0,5340721,9.0
4,2.0,1480,6075,98118,665000,23,2,2,4.9,0,0,370.0,740.0,4.1047,5920,2960.0,8.0,2190400,4.0
4,2.5,2180,6099,98115,1275000,68,2,1,5.5,1,0,545.0,872.0,2.7977,8720,5450.0,10.0,4752400,6.25
4,2.0,2360,6120,98115,950000,19,1,1,6.0,1,0,590.0,1180.0,2.5932,9440,4720.0,8.0,5569600,4.0
4,2.5,1620,6120,98126,849950,23,1,2,6.3,1,0,405.0,648.0,3.7778,6480,4050.0,10.0,2624400,6.25
4,2.0,1641,6122,98118,538800,25,1,2,5.5,1,0,410.25,820.5,3.7307,6564,3282.0,8.0,2692881,4.0
4,3.5,3050,6146,98102,2250000,14,1,2,6.7,0,0,762.5,871.43,2.0151,12200,10675.0,14.0,9302500,12.25
4,5.0,2390,6156,98117,1500000,12,1,1,5.6,1,0,597.5,478.0,2.5757,9560,11950.0,20.0,5712100,25.0
4,2.0,2240,6240,98126,795000,27,2,2,6.4,0,1,560.0,1120.0,2.7857,8960,4480.0,8.0,5017600,4.0
4,3.5,3220,6250,98199,2195000,69,2,3,5.1,1,0,805.0,920.0,1.941,12880,11270.0,14.0,10368400,12.25
4,2.0,2140,6250,98199,1150000,0,2,2,3.8,0,0,535.0,1070.0,2.9206,8560,4280.0,8.0,4579600,4.0
4,2.5,2130,6250,98136,960000,22,1,2,5.9,1,0,532.5,852.0,2.9343,8520,5325.0,10.0,4536900,6.25
4,2.0,2790,6250,98126,930000,4,2,2,6.3,1,0,697.5,1395.0,2.2401,11160,5580.0,8.0,7784100,4.0
4,1.0,1530,6250,98117,740000,44,1,1,6.2,0,0,382.5,1530.0,4.085,6120,1530.0,4.0,2340900,1.0
4,3.0,2160,6298,98125,980000,20,1,2,6.0,1,0,540.0,720.0,2.9157,8640,6480.0,12.0,4665600,9.0
4,3.5,3340,6300,98144,2100000,63,1,3,5.3,0,0,835.0,954.29,1.8862,13360,11690.0,14.0,11155600,12.25
4,3.0,2040,6348,98103,940000,46,2,2,4.8,0,0,510.0,680.0,3.1118,8160,6120.0,12.0,4161600,9.0
4,3.0,2650,6380,98115,1511000,62,1,1,6.2,0,0,662.5,883.33,2.4075,10600,7950.0,12.0,7022500,9.0
4,2.0,1750,6380,98115,855000,50,1,2,6.0,0,0,437.5,875.0,3.6457,7000,3500.0,8.0,3062500,4.0
4,3.5,2795,6400,98122,1740000,35,1,2,5.0,0,0,698.75,798.57,2.2898,11180,9782.5,14.0,7812025,12.25
4,3.0,2680,6402,98115,2100000,68,1,2,6.7,1,1,670.0,893.33,2.3888,10720,8040.0,12.0,7182400,9.0
4,1.5,2140,6511,98125,700500,38,1,2,4.7,0,0,535.0,1426.67,3.0425,8560,3210.0,6.0,4579600,2.25
4,1.5,2100,6532,98199,875000,75,1,2,5.0,0,0,525.0,1400.0,3.1105,8400,3150.0,6.0,4410000,2.25
4,3.0,2288,6550,98126,1105000,79,1,3,7.2,1,1,572.0,762.67,2.8628,9152,6864.0,12.0,5234944,9.0
4,2.5,2560,6582,98116,1712000,47,1,3,6.5,1,0,640.0,1024.0,2.5711,10240,6400.0,10.0,6553600,6.25
4,4.0,2250,6600,98106,1070000,53,1,3,5.2,0,0,562.5,562.5,2.9333,9000,9000.0,16.0,5062500,16.0
4,3.0,2230,6700,98115,1150000,20,1,1,5.9,1,0,557.5,743.33,3.0045,8920,6690.0,12.0,4972900,9.0
4,5.0,1910,6750,98177,800000,65,2,1,5.8,0,0,477.5,382.0,3.534,7640,9550.0,20.0,3648100,25.0
4,2.0,2178,6800,98133,880000,53,1,2,2.9,0,0,544.5,1089.0,3.1221,8712,4356.0,8.0,4743684,4.0
4,2.0,1480,6820,98126,830000,72,3,2,4.7,0,0,370.0,740.0,4.6081,5920,2960.0,8.0,2190400,4.0
4,3.0,2600,6840,98115,1750000,21,2,1,5.5,1,0,650.0,866.67,2.6308,10400,7800.0,12.0,6760000,9.0
4,3.5,3300,6840,98125,1575000,63,1,2,5.2,0,0,825.0,942.86,2.0727,13200,11550.0,14.0,10890000,12.25
4,2.0,2591,6900,98125,800000,37,1,2,5.8,0,0,647.75,1295.5,2.6631,10364,5182.0,8.0,6713281,4.0
4,2.0,2320,6960,98115,1150000,14,1,2,6.7,1,0,580.0,1160.0,3.0,9280,4640.0,8.0,5382400,4.0
4,3.0,3030,6960,98115,1119000,13,1,2,5.3,0,0,757.5,1010.0,2.297,12120,9090.0,12.0,9180900,9.0
4,3.5,4350,7000,98136,2000000,44,1,3,4.5,0,0,1087.5,1242.86,1.6092,17400,15225.0,14.0,18922500,12.25
4,2.5,3680,7000,98118,1880000,25,1,2,5.9,1,0,920.0,1472.0,1.9022,14720,9200.0,10.0,13542400,6.25
4,4.5,3960,7025,98144,2485000,8,1,3,5.3,1,0,990.0,880.0,1.774,15840,17820.0,18.0,15681600,20.25
4,1.5,1630,7182,98133,734950,34,1,2,5.4,0,0,407.5,1086.67,4.4061,6520,2445.0,6.0,2656900,2.25
4,3.0,2360,7200,98115,1360000,52,2,2,5.3,0,0,590.0,786.67,3.0508,9440,7080.0,12.0,5569600,9.0
4,3.5,2440,7200,98125,1185000,25,1,2,7.8,1,0,610.0,697.14,2.9508,9760,8540.0,14.0,5953600,12.25
4,3.0,2297,7200,98178,783000,76,3,2,3.4,0,0,574.25,765.67,3.1345,9188,6891.0,12.0,5276209,9.0
4,2.0,2080,7200,98178,675000,62,1,2,5.2,0,0,520.0,1040.0,3.4615,8320,4160.0,8.0,4326400,4.0
4,2.0,1670,7260,98106,650000,41,3,3,5.6,0,0,417.5,835.0,4.3473,6680,3340.0,8.0,2788900,4.0
4,3.0,1700,7320,98146,649000,74,1,1,4.8,0,0,425.0,566.67,4.3059,6800,5100.0,12.0,2890000,9.0
4,1.0,1190,7320,98106,463900,34,2,3,6.5,1,0,297.5,1190.0,6.1513,4760,1190.0,4.0,1416100,1.0
4,3.0,2970,7350,98118,720000,11,2,2,6.4,0,0,742.5,990.0,2.4747,11880,8910.0,12.0,8820900,9.0
4,3.0,3410,7389,98144,1850000,2,1,1,5.6,0,0,852.5,1136.67,2.1669,13640,10230.0,12.0,11628100,9.0
4,1.5,2640,7440,98115,1850000,75,3,2,5.3,0,0,660.0,1760.0,2.8182,10560,3960.0,6.0,6969600,2.25
4,3.0,1920,7455,98125,2095000,76,1,3,5.5,0,0,480.0,640.0,3.8828,7680,5760.0,12.0,3686400,9.0
4,2.0,1800,7455,98117,1100000,59,1,1,5.5,0,0,450.0,900.0,4.1417,7200,3600.0,8.0,3240000,4.0
4,3.5,5690,7469,98112,3630000,8,2,2,5.5,1,0,1422.5,1625.71,1.3127,22760,19915.0,14.0,32376100,12.25
4,3.5,2900,7470,98125,1337000,23,2,1,5.4,1,0,725.0,828.57,2.5759,11600,10150.0,14.0,8410000,12.25
4,2.0,2634,7475,98115,1500000,3,1,1,5.9,0,0,658.5,1317.0,2.8379,10536,5268.0,8.0,6937956,4.0
4,3.0,2900,7500,98136,1175000,4,3,3,6.4,0,1,725.0,966.67,2.5862,11600,8700.0,12.0,8410000,9.0
4,2.0,2340,7500,98115,925000,19,2,2,4.4,0,0,585.0,1170.0,3.2051,9360,4680.0,8.0,5475600,4.0
4,3.5,2720,7598,98115,1395000,45,3,1,4.5,0,0,680.0,777.14,2.7934,10880,9520.0,14.0,7398400,12.25
4,3.5,3057,7650,98117,1800000,5,1,2,3.9,0,0,764.25,873.43,2.5025,12228,10699.5,14.0,9345249,12.25
4,2.5,2250,7650,98106,924900,78,2,2,6.5,0,0,562.5,900.0,3.4,9000,5625.0,10.0,5062500,6.25
4,4.5,5200,7653,98118,2600000,36,1,2,5.9,1,0,1300.0,1155.56,1.4717,20800,23400.0,18.0,27040000,20.25
4,3.0,2110,7680,98115,1180000,21,3,2,6.1,1,0,527.5,703.33,3.6398,8440,6330.0,12.0,4452100,9.0
4,3.0,3300,7700,98199,1995000,41,2,1,4.2,0,0,825.0,1100.0,2.3333,13200,9900.0,12.0,10890000,9.0
4,3.0,2120,7721,98126,920000,63,3,1,7.4,1,1,530.0,706.67,3.642,8480,6360.0,12.0,4494400,9.0
4,2.0,1730,7723,98126,875000,25,2,2,5.0,0,0,432.5,865.0,4.4642,6920,3460.0,8.0,2992900,4.0
4,2.0,2080,7740,98106,750000,3,2,3,5.8,0,1,520.0,1040.0,3.7212,8320,4160.0,8.0,4326400,4.0
4,2.0,3220,7800,98177,2000000,4,1,3,6.5,1,0,805.0,1610.0,2.4224,12880,6440.0,8.0,10368400,4.0
4,2.0,1680,7840,98178,517500,68,1,2,4.6,0,0,420.0,840.0,4.6667,6720,3360.0,8.0,2822400,4.0
4,2.5,3105,7875,98115,1040000,8,2,3,5.1,0,0,776.25,1242.0,2.5362,12420,7762.5,10.0,9641025,6.25
4,2.0,2245,7892,98178,775000,50,1,2,5.8,1,0,561.25,1122.5,3.5154,8980,4490.0,8.0,5040025,4.0
4,5.0,2970,7961,98125,1450000,30,2,3,8.5,0,0,742.5,594.0,2.6805,11880,14850.0,20.0,8820900,25.0
4,2.5,2720,8000,98136,1315000,62,1,1,5.9,1,0,680.0,1088.0,2.9412,10880,6800.0,10.0,7398400,6.25
4,2.0,2280,8000,98168,640000,4,2,3,7.2,0,0,570.0,1140.0,3.5088,9120,4560.0,8.0,5198400,4.0
4,2.0,1700,8001,98125,891000,71,1,2,6.8,1,0,425.0,850.0,4.7065,6800,3400.0,8.0,2890000,4.0
4,3.0,3610,8037,98105,2330000,55,1,3,6.0,0,0,902.5,1203.33,2.2263,14440,10830.0,12.0,13032100,9.0
4,2.0,2000,8077,98125,907200,35,1,2,4.6,0,0,500.0,1000.0,4.0385,8000,4000.0,8.0,4000000,4.0
4,2.5,3707,8100,98177,2100000,16,1,1,6.7,0,0,926.75,1482.8,2.1851,14828,9267.5,10.0,13741849,6.25
4,2.0,1730,8100,98146,852000,78,1,2,4.1,1,0,432.5,865.0,4.6821,6920,3460.0,8.0,2992900,4.0
4,2.0,2400,8160,98177,900000,24,1,2,7.2,0,0,600.0,1200.0,3.4,9600,4800.0,8.0,5760000,4.0
4,3.0,2481,8297,98115,999000,39,2,3,5.8,1,0,620.25,827.0,3.3442,9924,7443.0,12.0,6155361,9.0
4,2.0,2910,8360,98115,1400000,31,2,2,2.9,0,0,727.5,1455.0,2.8729,11640,5820.0,8.0,8468100,4.0
4,3.0,2700,8360,98199,1100000,18,2,2,5.3,0,0,675.0,900.0,3.0963,10800,8100.0,12.0,7290000,9.0
4,2.0,2640,8385,98168,780000,33,2,2,6.3,0,0,660.0,1320.0,3.1761,10560,5280.0,8.0,6969600,4.0
4,1.0,1470,8520,98125,699999,12,3,2,5.4,0,0,367.5,1470.0,5.7959,5880,1470.0,4.0,2160900,1.0
4,3.0,2440,8556,98199,1850000,0,3,1,6.3,1,0,610.0,813.33,3.5066,9760,7320.0,12.0,5953600,9.0
4,3.0,2240,8691,98118,625000,23,1,2,4.7,0,0,560.0,746.67,3.8799,8960,6720.0,12.0,5017600,9.0
4,2.0,2630,8750,98115,1350000,8,2,2,4.3,1,0,657.5,1315.0,3.327,10520,5260.0,8.0,6916900,4.0
4,2.5,2500,8760,98146,577000,33,1,3,5.5,0,0,625.0,1000.0,3.504,10000,6250.0,10.0,6250000,6.25
4,2.0,2060,8762,98168,575000,69,1,3,5.6,0,0,515.0,1030.0,4.2534,8240,4120.0,8.0,4243600,4.0
4,2.0,2370,8775,98125,1125000,13,2,2,5.3,0,0,592.5,1185.0,3.7025,9480,4740.0,8.0,5616900,4.0
4,1.5,1940,8778,98118,520000,0,1,2,6.8,1,0,485.0,1293.33,4.5247,7760,2910.0,6.0,3763600,2.25
4,2.0,1530,8782,98118,645000,8,3,2,4.7,1,0,382.5,765.0,5.7399,6120,3060.0,8.0,2340900,4.0
4,5.5,4040,8965,98105,5495000,40,2,2,5.9,0,0,1010.0,734.55,2.2191,16160,22220.0,22.0,16321600,30.25
4,2.5,2780,8967,98136,1530000,21,3,2,5.7,0,0,695.0,1112.0,3.2255,11120,6950.0,10.0,7728400,6.25
4,5.5,2410,9000,98146,1500000,39,2,2,4.0,0,0,602.5,438.18,3.7344,9640,13255.0,22.0,5808100,30.25
4,1.5,1740,9205,98146,649950,2,3,1,4.3,0,1,435.0,1160.0,5.2902,6960,2610.0,6.0,3027600,2.25
4,2.0,1170,9216,98178,390000,26,1,2,5.6,0,1,292.5,585.0,7.8769,4680,2340.0,8.0,1368900,4.0
4,2.0,2220,9295,98177,995000,32,3,2,7.6,0,0,555.0,1110.0,4.1869,8880,4440.0,8.0,4928400,4.0
4,2.5,3080,9300,98168,650000,34,1,2,6.2,1,0,770.0,1232.0,3.0195,12320,7700.0,10.0,9486400,6.25
4,5.5,3100,9450,98125,1375000,44,1,2,3.9,1,0,775.0,563.64,3.0484,12400,17050.0,22.0,9610000,30.25
4,3.5,3487,9500,98136,2010000,62,1,2,2.5,1,0,871.75,996.29,2.7244,13948,12204.5,14.0,12159169,12.25
4,2.5,2320,9500,98108,1001000,37,1,2,6.3,1,0,580.0,928.0,4.0948,9280,5800.0,10.0,5382400,6.25
4,2.0,2340,9500,98178,699000,67,2,2,5.5,0,0,585.0,1170.0,4.0598,9360,4680.0,8.0,5475600,4.0
4,3.0,2430,9500,98146,520000,42,1,2,6.7,1,0,607.5,810.0,3.9095,9720,7290.0,12.0,5904900,9.0
4,2.5,2050,9555,98177,805000,20,2,2,4.7,0,0,512.5,820.0,4.661,8200,5125.0,10.0,4202500,6.25
4,2.0,1170,9594,98168,530000,18,2,2,6.0,0,0,292.5,585.0,8.2,4680,2340.0,8.0,1368900,4.0
4,2.0,2010,9612,98105,1250000,25,2,2,6.4,0,0,502.5,1005.0,4.7821,8040,4020.0,8.0,4040100,4.0
4,3.0,2230,9625,98178,1205000,47,3,2,5.2,0,0,557.5,743.33,4.3161,8920,6690.0,12.0,4972900,9.0
4,2.0,1710,9660,98118,685000,19,1,2,5.2,1,0,427.5,855.0,5.6491,6840,3420.0,8.0,2924100,4.0
4,2.5,2340,9670,98106,870000,73,1,2,5.6,1,0,585.0,936.0,4.1325,9360,5850.0,10.0,5475600,6.25
4,3.0,3120,9750,98144,1670000,38,3,2,6.1,0,0,780.0,1040.0,3.125,12480,9360.0,12.0,9734400,9.0
4,2.0,1830,9920,98146,535000,69,2,1,5.6,0,0,457.5,915.0,5.4208,7320,3660.0,8.0,3348900,4.0
4,3.0,2560,9956,98115,890000,54,2,3,6.6,1,0,640.0,853.33,3.8891,10240,7680.0,12.0,6553600,9.0
4,3.0,2840,9996,98177,1350000,26,1,3,5.1,0,0,710.0,946.67,3.5197,11360,8520.0,12.0,8065600,9.0
4,1.5,1810,9998,98133,764000,18,1,2,4.3,1,0,452.5,1206.67,5.5238,7240,2715.0,6.0,3276100,2.25
5,3.0,1790,10019,98125,964000,59,1,4,7.7,1,0,358.0,596.67,5.5972,8950,5370.0,15.0,3204100,9.0
5,2.5,2900,10019,98106,800000,26,1,2,5.1,0,0,580.0,1160.0,3.4548,14500,7250.0,12.5,8410000,6.25
5,4.5,4693,10455,98122,2650000,19,1,4,5.2,0,0,938.6,1042.89,2.2278,23465,21118.5,22.5,22024249,20.25
5,3.5,3340,10455,98106,980000,74,2,2,5.7,0,0,668.0,954.29,3.1302,16700,11690.0,17.5,11155600,12.25
5,3.5,5090,11762,98102,4325000,38,1,3,5.8,0,1,1018.0,1454.29,2.3108,25450,17815.0,17.5,25908100,12.25
5,5.0,2510,11762,98133,1000000,3,2,2,5.4,0,0,502.0,502.0,4.6861,12550,12550.0,25.0,6300100,25.0
5,3.0,2320,11762,98168,560000,39,3,3,5.7,0,0,464.0,773.33,5.0698,11600,6960.0,15.0,5382400,9.0
5,5.0,3810,13940,98177,1180000,36,2,3,5.7,0,0,762.0,762.0,3.6588,19050,19050.0,25.0,14516100,25.0
5,2.5,3500,14375,98146,875000,69,1,2,5.9,0,0,700.0,1400.0,4.1071,17500,8750.0,12.5,12250000,6.25
5,3.5,3590,15682,98136,2350000,56,1,4,3.4,0,0,718.0,1025.71,4.3682,17950,12565.0,17.5,12888100,12.25
5,3.0,3400,18731,98168,756500,15,3,3,7.6,1,0,680.0,1133.33,5.5091,17000,10200.0,15.0,11560000,9.0
5,3.5,2966,43560,98126,1263500,12,1,3,5.6,0,1,593.2,847.43,14.6864,14830,10381.0,17.5,8797156,12.25
5,3.0,2120,1959,98126,750000,48,2,2,6.3,1,0,424.0,706.67,0.9241,10600,6360.0,15.0,4494400,9.0
5,3.0,2610,2550,98109,1795000,3,2,3,4.4,0,0,522.0,870.0,0.977,13050,7830.0,15.0,6812100,9.0
5,3.0,2360,2833,98103,1240000,25,1,2,5.3,0,0,472.0,786.67,1.2004,11800,7080.0,15.0,5569600,9.0
5,2.0,2740,2850,98103,1175000,11,2,2,5.1,0,0,548.0,1370.0,1.0401,13700,5480.0,10.0,7507600,4.0
5,3.5,3310,2943,98102,1637500,1,1,2,7.2,1,0,662.0,945.71,0.8891,16550,11585.0,17.5,10956100,12.25
5,2.0,2640,2950,98122,1000000,73,1,4,5.2,0,0,528.0,1320.0,1.1174,13200,5280.0,10.0,6969600,4.0
5,4.0,2447,3100,98117,1500000,7,2,2,6.5,0,0,489.4,611.75,1.2669,12235,9788.0,20.0,5987809,16.0
5,4.5,2840,3200,98112,500000,0,3,2,5.1,0,0,568.0,631.11,1.1268,14200,12780.0,22.5,8065600,20.25
5,2.0,2300,3315,98105,1266000,74,1,2,5.3,1,0,460.0,1150.0,1.4413,11500,4600.0,10.0,5290000,4.0
5,3.5,4060,3400,98116,2888000,15,3,2,5.5,0,0,812.0,1160.0,0.8374,20300,14210.0,17.5,16483600,12.25
5,4.0,3180,3400,98105,2100000,65,3,3,7.0,0,0,636.0,795.0,1.0692,15900,12720.0,20.0,10112400,16.0
5,3.0,3070,3400,98117,1450000,2,2,3,3.9,1,0,614.0,1023.33,1.1075,15350,9210.0,15.0,9424900,9.0
5,3.5,4050,3600,98119,2895000,12,1,3,4.4,0,0,810.0,1157.14,0.8889,20250,14175.0,17.5,16402500,12.25
5,3.5,3340,3600,98112,2500000,8,1,2,3.8,0,0,668.0,954.29,1.0778,16700,11690.0,17.5,11155600,12.25
5,3.0,2900,3600,98112,1450000,56,2,3,4.7,1,0,580.0,966.67,1.2414,14500,8700.0,15.0,8410000,9.0
5,3.5,2610,3623,98118,915000,49,3,2,4.9,0,0,522.0,745.71,1.3881,13050,9135.0,17.5,6812100,12.25
5,4.0,2734,3774,98115,1300000,38,2,2,4.1,0,0,546.8,683.5,1.3804,13670,10936.0,20.0,7474756,16.0
5,2.0,2260,3848,98117,865000,19,1,2,5.0,0,0,452.0,1130.0,1.7027,11300,4520.0,10.0,5107600,4.0
5,3.0,3450,3920,98109,1981000,7,1,2,3.7,0,0,690.0,1150.0,1.1362,17250,10350.0,15.0,11902500,9.0
5,4.0,2754,3969,98126,956000,45,3,3,4.7,1,0,550.8,688.5,1.4412,13770,11016.0,20.0,7584516,16.0
5,3.0,2055,4000,98122,1100000,18,1,3,7.0,0,0,411.0,685.0,1.9465,10275,6165.0,15.0,4223025,9.0
5,1.5,2830,4000,98118,766000,47,1,3,6.2,0,0,566.0,1886.67,1.4134,14150,4245.0,7.5,8008900,2.25
5,3.0,2310,4011,98106,780000,54,3,3,5.9,0,0,462.0,770.0,1.7364,11550,6930.0,15.0,5336100,9.0
5,2.5,2180,4069,98118,1009975,67,2,3,4.7,1,0,436.0,872.0,1.8665,10900,5450.0,12.5,4752400,6.25
5,3.5,4180,4080,98109,3000000,39,1,1,4.2,1,0,836.0,1194.29,0.9761,20900,14630.0,17.5,17472400,12.25
5,3.5,3270,4080,98115,2000000,0,1,3,4.6,0,0,654.0,934.29,1.2477,16350,11445.0,17.5,10692900,12.25
5,2.0,2420,4080,98117,960000,22,1,3,5.7,1,0,484.0,1210.0,1.686,12100,4840.0,10.0,5856400,4.0
5,2.0,1920,4173,98118,739000,68,3,3,6.6,0,0,384.0,960.0,2.1734,9600,3840.0,10.0,3686400,4.0
5,1.0,2380,4240,98136,539000,42,1,3,6.7,1,0,476.0,2380.0,1.7815,11900,2380.0,5.0,5664400,1.0
5,3.0,4040,4320,98105,1650000,49,2,2,6.4,0,0,808.0,1346.67,1.0693,20200,12120.0,15.0,16321600,9.0
5,8.5,3110,4455,98115,1606500,36,1,2,5.0,0,0,622.0,365.88,1.4325,15550,26435.0,42.5,9672100,72.25
5,3.0,2580,4462,98109,1500000,13,2,2,5.8,1,0,516.0,860.0,1.7295,12900,7740.0,15.0,6656400,9.0
5,3.5,3400,4560,98109,3340000,71,2,3,5.4,1,0,680.0,971.43,1.3412,17000,11900.0,17.5,11560000,12.25
5,3.5,3220,4640,98103,820000,61,2,3,5.5,0,0,644.0,920.0,1.441,16100,11270.0,17.5,10368400,12.25
5,6.0,6990,4703,98103,1880000,79,2,2,7.8,0,0,1398.0,1165.0,0.6728,34950,41940.0,30.0,48860100,36.0
5,3.0,2450,4980,98144,1270000,68,2,2,4.0,1,0,490.0,816.67,2.0327,12250,7350.0,15.0,6002500,9.0
5,2.0,2567,4995,98144,1550000,23,1,2,5.5,0,1,513.4,1283.5,1.9459,12835,5134.0,10.0,6589489,4.0
5,3.5,3410,5000,98115,1725000,20,2,2,7.0,0,0,682.0,974.29,1.4663,17050,11935.0,17.5,11628100,12.25
5,3.0,3750,5000,98107,1580000,19,3,2,4.3,0,0,750.0,1250.0,1.3333,18750,11250.0,15.0,14062500,9.0
5,4.0,2810,5000,98103,1295000,73,3,2,5.1,0,0,562.0,702.5,1.7794,14050,11240.0,20.0,7896100,16.0
5,4.0,2470,5000,98118,1005000,44,1,2,5.2,0,0,494.0,617.5,2.0243,12350,9880.0,20.0,6100900,16.0
5,3.0,2030,5046,98144,905000,36,2,3,5.5,0,0,406.0,676.67,2.4857,10150,6090.0,15.0,4120900,9.0
5,4.5,3370,5100,98117,1975000,77,1,2,4.2,1,0,674.0,748.89,1.5134,16850,15165.0,22.5,11356900,20.25
5,3.0,2480,5100,98117,1135000,48,2,2,6.3,0,0,496.0,826.67,2.0565,12400,7440.0,15.0,6150400,9.0
5,2.0,2340,5120,98106,613000,72,2,3,6.4,1,0,468.0,1170.0,2.188,11700,4680.0,10.0,5475600,4.0
5,3.0,2510,5130,98103,910000,78,1,2,6.3,1,0,502.0,836.67,2.0438,12550,7530.0,15.0,6300100,9.0
5,4.0,4210,5200,98105,2625000,6,3,2,4.9,1,0,842.0,1052.5,1.2352,21050,16840.0,20.0,17724100,16.0
5,1.5,2560,5200,98199,1330000,28,3,3,5.8,0,0,512.0,1706.67,2.0312,12800,3840.0,7.5,6553600,2.25
5,4.0,3030,5200,98108,1250000,58,1,2,4.9,0,0,606.0,757.5,1.7162,15150,12120.0,20.0,9180900,16.0
5,4.0,4490,5220,98122,1150000,65,1,2,5.4,0,0,898.0,1122.5,1.1626,22450,17960.0,20.0,20160100,16.0
5,2.0,1830,5220,98118,665000,11,1,3,7.9,0,0,366.0,915.0,2.8525,9150,3660.0,10.0,3348900,4.0
5,3.0,2970,5250,98117,1225000,25,3,2,5.8,1,0,594.0,990.0,1.7677,14850,8910.0,15.0,8820900,9.0
5,3.5,3710,5259,98199,2525000,43,2,3,4.6,1,0,742.0,1060.0,1.4175,18550,12985.0,17.5,13764100,12.25
5,3.0,2370,5292,98118,800000,63,2,3,5.9,0,0,474.0,790.0,2.2329,11850,7110.0,15.0,5616900,9.0
5,3.5,2387,5445,98133,1125000,9,2,2,4.4,0,0,477.4,682.0,2.2811,11935,8354.5,17.5,5697769,12.25
5,3.5,3700,5520,98119,2050000,48,2,3,4.6,1,0,740.0,1057.14,1.4919,18500,12950.0,17.5,13690000,12.25
5,3.0,2700,5670,98119,1025000,23,1,3,4.7,0,0,540.0,900.0,2.1,13500,8100.0,15.0,7290000,9.0
5,3.0,3130,5750,98122,2095000,17,1,3,5.3,1,0,626.0,1043.33,1.8371,15650,9390.0,15.0,9796900,9.0
5,3.5,5020,5880,98126,1550000,41,1,2,6.7,0,0,1004.0,1434.29,1.1713,25100,17570.0,17.5,25200400,12.25
5,3.5,4510,6000,98105,3150000,33,1,3,6.3,1,0,902.0,1288.57,1.3304,22550,15785.0,17.5,20340100,12.25
5,3.5,3880,6000,98112,2975000,50,2,2,6.3,1,0,776.0,1108.57,1.5464,19400,13580.0,17.5,15054400,12.25
5,3.0,2020,6000,98119,899000,25,1,3,4.7,0,0,404.0,673.33,2.9703,10100,6060.0,15.0,4080400,9.0
5,4.0,2030,6000,98144,670000,65,1,2,5.2,0,0,406.0,507.5,2.9557,10150,8120.0,20.0,4120900,16.0
5,2.0,2100,6000,98108,599950,6,1,3,6.0,1,0,420.0,1050.0,2.8571,10500,4200.0,10.0,4410000,4.0
5,3.0,3556,6120,98115,2250000,68,1,3,5.1,0,0,711.2,1185.33,1.721,17780,10668.0,15.0,12645136,9.0
5,2.5,3090,6161,98105,1600000,2,1,2,5.5,0,0,618.0,1236.0,1.9939,15450,7725.0,12.5,9548100,6.25
5,4.5,3636,6180,98115,2840000,58,1,3,6.2,0,0,727.2,808.0,1.6997,18180,16362.0,22.5,13220496,20.25
5,3.0,2040,6180,98118,605000,27,2,4,5.4,0,0,408.0,680.0,3.0294,10200,6120.0,15.0,4161600,9.0
5,3.5,3160,6200,98112,2300000,30,1,3,6.0,1,0,632.0,902.86,1.962,15800,11060.0,17.5,9985600,12.25
5,2.0,2800,6250,98103,1200000,1,1,3,7.3,0,0,560.0,1400.0,2.2321,14000,5600.0,10.0,7840000,4.0
5,3.0,3060,6250,98116,950000,56,1,3,5.6,0,0,612.0,1020.0,2.0425,15300,9180.0,15.0,9363600,9.0
5,3.0,2820,6250,98136,900000,13,2,2,6.9,1,0,564.0,940.0,2.2163,14100,8460.0,15.0,7952400,9.0
5,3.0,2820,6250,98136,865000,52,3,1,6.3,0,0,564.0,940.0,2.2163,14100,8460.0,15.0,7952400,9.0
5,4.0,2920,6323,98133,948000,58,2,3,4.3,0,0,584.0,730.0,2.1654,14600,11680.0,20.0,8526400,16.0
5,3.5,3310,6328,98115,1575000,67,2,2,4.6,1,0,662.0,945.71,1.9118,16550,11585.0,17.5,10956100,12.25
5,2.5,2760,6350,98126,1025000,56,2,2,4.9,1,0,552.0,1104.0,2.3007,13800,6900.0,12.5,7617600,6.25
5,2.0,2660,6400,98136,1125000,24,2,2,4.9,0,0,532.0,1330.0,2.406,13300,5320.0,10.0,7075600,4.0
5,3.0,2550,6604,98106,940000,59,1,3,5.7,1,0,510.0,850.0,2.5898,12750,7650.0,15.0,6502500,9.0
5,3.0,2170,6650,98168,740000,66,3,2,6.4,0,0,434.0,723.33,3.0645,10850,6510.0,15.0,4708900,9.0
5,6.5,6240,6750,98115,3122000,25,1,2,7.0,0,0,1248.0,960.0,1.0817,31200,40560.0,32.5,38937600,42.25
5,4.5,5210,6772,98122,3320000,9,1,3,6.1,1,0,1042.0,1157.78,1.2998,26050,23445.0,22.5,27144100,20.25
5,3.5,4397,6800,98105,3400000,71,2,2,5.3,1,0,879.4,1256.29,1.5465,21985,15389.5,17.5,19333609,12.25
5,3.0,3590,6900,98117,1700000,11,1,3,3.7,0,0,718.0,1196.67,1.922,17950,10770.0,15.0,12888100,9.0
5,3.0,3060,7006,98118,889000,47,1,2,5.8,0,0,612.0,1020.0,2.2895,15300,9180.0,15.0,9363600,9.0
5,3.0,2777,7026,98125,1338600,18,3,3,5.8,0,0,555.4,925.67,2.5301,13885,8331.0,15.0,7711729,9.0
5,4.5,5704,7200,98119,4000000,10,1,3,5.9,0,0,1140.8,1267.56,1.2623,28520,25668.0,22.5,32535616,20.25
5,3.5,3820,7200,98118,1350000,62,1,3,7.9,1,0,764.0,1091.43,1.8848,19100,13370.0,17.5,14592400,12.25
5,3.0,2140,7244,98125,850000,11,3,3,7.0,1,0,428.0,713.33,3.385,10700,6420.0,15.0,4579600,9.0
5,2.5,3460,7464,98144,2425000,53,2,2,6.5,0,0,692.0,1384.0,2.1572,17300,8650.0,12.5,11971600,6.25
5,3.0,2170,7500,98178,775000,55,1,3,4.8,0,0,434.0,723.33,3.4562,10850,6510.0,15.0,4708900,9.0
5,2.0,3210,7578,98115,688000,4,2,2,5.2,0,0,642.0,1605.0,2.3607,16050,6420.0,10.0,10304100,4.0
5,3.5,3700,7581,98122,2075000,13,3,3,5.7,0,0,740.0,1057.14,2.0489,18500,12950.0,17.5,13690000,12.25
5,2.0,2160,7620,98106,795000,63,1,3,5.0,1,1,432.0,1080.0,3.5278,10800,4320.0,10.0,4665600,4.0
5,3.5,3930,7650,98133,1800000,40,1,3,6.3,0,0,786.0,1122.86,1.9466,19650,13755.0,17.5,15444900,12.25
5,2.5,3960,7680,98199,1850000,9,1,3,6.1,0,0,792.0,1584.0,1.9394,19800,9900.0,12.5,15681600,6.25
5,3.0,2820,7707,98117,1550000,79,1,2,4.7,0,0,564.0,940.0,2.733,14100,8460.0,15.0,7952400,9.0
5,2.0,2920,7800,98117,1359000,21,1,2,6.9,1,0,584.0,1460.0,2.6712,14600,5840.0,10.0,8526400,4.0
5,3.0,2430,7812,98133,915000,0,1,3,5.9,0,0,486.0,810.0,3.2148,12150,7290.0,15.0,5904900,9.0
5,3.0,3120,7865,98178,795000,73,1,3,4.0,0,0,624.0,1040.0,2.5208,15600,9360.0,15.0,9734400,9.0
5,3.0,3820,7980,98116,1575000,1,1,3,5.7,0,0,764.0,1273.33,2.089,19100,11460.0,15.0,14592400,9.0
5,5.0,3623,8000,98115,1975000,44,1,2,6.0,0,0,724.6,724.6,2.2081,18115,18115.0,25.0,13126129,25.0
5,2.5,4639,8036,98112,3350000,79,1,2,6.7,0,0,927.8,1855.6,1.7323,23195,11597.5,12.5,21520321,6.25
5,2.0,2180,8100,98122,950000,46,1,3,5.4,0,0,436.0,1090.0,3.7156,10900,4360.0,10.0,4752400,4.0
5,3.0,1900,8160,98118,895000,46,1,2,6.6,0,0,380.0,633.33,4.2947,9500,5700.0,15.0,3610000,9.0
5,5.5,5770,8226,98122,5000000,31,2,3,5.9,0,0,1154.0,1049.09,1.4256,28850,31735.0,27.5,33292900,30.25
5,2.5,3350,8317,98126,1275000,10,1,2,4.4,1,0,670.0,1340.0,2.4827,16750,8375.0,12.5,11222500,6.25
5,2.0,4190,8500,98119,2300000,45,3,3,4.3,0,0,838.0,2095.0,2.0286,20950,8380.0,10.0,17556100,4.0
5,2.5,2870,8741,98168,520000,71,2,2,6.9,0,0,574.0,1148.0,3.0456,14350,7175.0,12.5,8236900,6.25
5,4.0,3240,8820,98199,1825000,7,2,2,6.9,0,0,648.0,810.0,2.7222,16200,12960.0,20.0,10497600,16.0
5,3.0,2550,9192,98125,1450000,70,2,3,6.1,1,0,510.0,850.0,3.6047,12750,7650.0,15.0,6502500,9.0
5,3.5,3200,9260,98133,1275000,33,1,2,7.2,1,0,640.0,914.29,2.8938,16000,11200.0,17.5,10240000,12.25
6,4.5,5200,10890,98144,3050000,42,2,3,7.0,1,0,866.67,1155.56,2.0942,31200,23400.0,27.0,27040000,20.25
6,3.5,8660,12197,98102,4100000,13,1,4,6.6,0,0,1443.33,2474.29,1.4084,51960,30310.0,21.0,74995600,12.25
6,5.5,4510,12197,98178,2202718,49,1,3,5.0,0,1,751.67,820.0,2.7044,27060,24805.0,33.0,20340100,30.25
6,7.0,4570,12633,98105,1950000,14,1,3,7.6,0,0,761.67,652.86,2.7643,27420,31990.0,42.0,20884900,49.0
6,3.0,3020,32670,98178,775000,21,1,1,6.4,0,0,503.33,1006.67,10.8179,18120,9060.0,18.0,9120400,9.0
6,6.0,3488,2388,98103,1225000,57,1,3,5.5,0,0,581.33,581.33,0.6846,20928,20928.0,36.0,12166144,36.0
6,7.0,4260,3600,98119,2300000,4,1,3,5.2,0,0,710.0,608.57,0.8451,25560,29820.0,42.0,18147600,49.0
6,4.0,2960,3796,98199,1050000,35,3,3,6.2,0,0,493.33,740.0,1.2824,17760,11840.0,24.0,8761600,16.0
6,4.0,3300,3810,98103,1237500,47,2,4,4.2,0,0,550.0,825.0,1.1545,19800,13200.0,24.0,10890000,16.0
6,5.0,2667,4000,98122,900000,10,1,3,6.6,0,0,444.5,533.4,1.4998,16002,13335.0,30.0,7112889,25.0
6,7.0,4641,5000,98112,1850000,23,3,3,4.9,0,0,773.5,663.0,1.0774,27846,32487.0,42.0,21538881,49.0
6,4.0,2310,5012,98108,849000,27,1,3,6.3,1,0,385.0,577.5,2.1697,13860,9240.0,24.0,5336100,16.0
6,3.5,3785,5150,98117,3150000,53,1,2,5.4,0,0,630.83,1081.43,1.3606,22710,13247.5,21.0,14326225,12.25
6,2.0,2230,5300,98118,700000,78,3,2,5.6,1,0,371.67,1115.0,2.3767,13380,4460.0,12.0,4972900,4.0
6,5.0,3620,5500,98119,1420000,66,2,4,5.1,0,1,603.33,724.0,1.5193,21720,18100.0,30.0,13104400,25.0
6,3.5,2430,5580,98108,870000,15,1,2,5.7,1,0,405.0,694.29,2.2963,14580,8505.0,21.0,5904900,12.25
6,4.0,3280,5650,98118,999950,1,1,3,7.8,1,0,546.67,820.0,1.7226,19680,13120.0,24.0,10758400,16.0
6,5.0,3300,6800,98105,3598950,4,1,3,7.3,0,0,550.0,660.0,2.0606,19800,16500.0,30.0,10890000,25.0
6,5.5,4299,6867,98115,3300000,47,1,4,6.3,1,0,716.5,781.64,1.5973,25794,23644.5,33.0,18481401,30.25
6,6.0,1780,7900,98168,733500,12,1,3,5.9,0,0,296.67,296.67,4.4382,10680,10680.0,36.0,3168400,36.0
6,3.0,2440,8000,98144,925000,18,2,3,6.7,0,0,406.67,813.33,3.2787,14640,7320.0,18.0,5953600,9.0
6,3.0,2350,8800,98118,850000,67,2,4,7.0,1,0,391.67,783.33,3.7447,14100,7050.0,18.0,5522500,9.0
7,4.0,2300,2920,98122,1095000,69,1,3,5.2,0,0,328.57,575.0,1.2696,16100,9200.0,28.0,5290000,16.0
7,3.5,4530,5047,98103,2950000,67,2,4,6.0,0,0,647.14,1294.29,1.1141,31710,15855.0,24.5,20520900,12.25
7,6.0,7636,8625,98103,2225000,20,1,3,4.2,0,0,1090.86,1272.67,1.1295,53452,45816.0,42.0,58308496,36.0
8,4.5,3600,4360,98105,1500000,49,1,4,7.3,0,0,450.0,800.0,1.2111,28800,16200.0,36.0,12960000,20.25
8,4.0,3136,8636,98146,1005000,48,1,4,8.3,0,0,392.0,784.0,2.7538,25088,12544.0,32.0,9834496,16.0
9,5.0,3590,4680,98117,1100400,14,3,4,6.4,0,0,398.89,718.0,1.3036,32310,17950.0,45.0,12888100,25.0
9,9.0,3780,5020,98119,1210000,44,2,4,4.2,0,0,420.0,420.0,1.328,34020,34020.0,81.0,14288400,81.0
9,5.0,3940,5303,98133,1089000,42,3,4,7.0,0,0,437.78,788.0,1.3459,35460,19700.0,45.0,15523600,25.0
9,4.0,3800,6000,98116,1343000,31,1,4,5.4,0,0,422.22,950.0,1.5789,34200,15200.0,36.0,14440000,16.0
9,5.0,3014,7908,98178,835000,60,3,4,5.7,0,0,334.89,602.8,2.6238,27126,15070.0,45.0,9084196,25.0
